,Never Moved,2+ Years,1-2 Years,6 Months - 1 Year,3 Months - 6 Months,1 Month - 3 Months,1 Week - 1 Month,< 1 Week
2017-06-24,0.9979,0.0,0.0,0.0,0.0,0.0,0.0,0.0021
2017-06-25,0.9951,0.0,0.0,0.0,0.0,0.0,0.0,0.0049
2017-06-26,0.9937,0.0,0.0,0.0,0.0,0.0,0.0,0.0063
2017-06-27,0.9863,0.0,0.0,0.0,0.0,0.0,0.0,0.0137
2017-06-28,0.9827,0.0,0.0,0.0,0.0,0.0,0.0,0.0173
2017-06-29,0.9733,0.0,0.0,0.0,0.0,0.0,0.0,0.0267
2017-06-30,0.9692,0.0,0.0,0.0,0.0,0.0,0.0,0.0308
2017-07-01,0.9677,0.0,0.0,0.0,0.0,0.0,0.0018,0.0305
2017-07-02,0.9668,0.0,0.0,0.0,0.0,0.0,0.0043,0.0289
2017-07-03,0.9637,0.0,0.0,0.0,0.0,0.0,0.0056,0.0307
2017-07-04,0.9592,0.0,0.0,0.0,0.0,0.0,0.0124,0.0284
2017-07-05,0.9534,0.0,0.0,0.0,0.0,0.0,0.0156,0.031
2017-07-06,0.9517,0.0,0.0,0.0,0.0,0.0,0.0243,0.024
2017-07-07,0.9493,0.0,0.0,0.0,0.0,0.0,0.0278,0.0229
2017-07-08,0.9456,0.0,0.0,0.0,0.0,0.0,0.0291,0.0253
2017-07-09,0.9434,0.0,0.0,0.0,0.0,0.0,0.0301,0.0265
2017-07-10,0.9418,0.0,0.0,0.0,0.0,0.0,0.0328,0.0254
2017-07-11,0.9387,0.0,0.0,0.0,0.0,0.0,0.0374,0.0239
2017-07-12,0.9349,0.0,0.0,0.0,0.0,0.0,0.0427,0.0224
2017-07-13,0.9333,0.0,0.0,0.0,0.0,0.0,0.0443,0.0224
2017-07-14,0.9305,0.0,0.0,0.0,0.0,0.0,0.0464,0.0231
2017-07-15,0.93,0.0,0.0,0.0,0.0,0.0,0.0521,0.0179
2017-07-16,0.9297,0.0,0.0,0.0,0.0,0.0,0.0548,0.0155
2017-07-17,0.923,0.0,0.0,0.0,0.0,0.0,0.0545,0.0225
2017-07-18,0.9226,0.0,0.0,0.0,0.0,0.0,0.0573,0.0201
2017-07-19,0.9165,0.0,0.0,0.0,0.0,0.0,0.0613,0.0222
2017-07-20,0.9137,0.0,0.0,0.0,0.0,0.0,0.0627,0.0236
2017-07-21,0.9123,0.0,0.0,0.0,0.0,0.0,0.0654,0.0223
2017-07-22,0.9102,0.0,0.0,0.0,0.0,0.0007,0.0653,0.0238
2017-07-23,0.9071,0.0,0.0,0.0,0.0,0.0028,0.0636,0.0265
2017-07-24,0.9066,0.0,0.0,0.0,0.0,0.0036,0.0718,0.018
2017-07-25,0.9044,0.0,0.0,0.0,0.0,0.0103,0.0655,0.0198
2017-07-26,0.9039,0.0,0.0,0.0,0.0,0.0131,0.069,0.014
2017-07-27,0.9035,0.0,0.0,0.0,0.0,0.0213,0.0635,0.0117
2017-07-28,0.9033,0.0,0.0,0.0,0.0,0.0237,0.0632,0.0098
2017-07-29,0.9027,0.0,0.0,0.0,0.0,0.0259,0.0631,0.0083
2017-07-30,0.902,0.0,0.0,0.0,0.0,0.0269,0.0651,0.006
2017-07-31,0.9007,0.0,0.0,0.0,0.0,0.029,0.0633,0.007
2017-08-01,0.9006,0.0,0.0,0.0,0.0,0.0336,0.0611,0.0047
2017-08-02,0.9004,0.0,0.0,0.0,0.0,0.0387,0.0568,0.0041
2017-08-03,0.9003,0.0,0.0,0.0,0.0,0.0405,0.0556,0.0036
2017-08-04,0.8984,0.0,0.0,0.0,0.0,0.0427,0.0535,0.0054
2017-08-05,0.8983,0.0,0.0,0.0,0.0,0.0486,0.0476,0.0055
2017-08-06,0.8982,0.0,0.0,0.0,0.0,0.0512,0.0456,0.005
2017-08-07,0.8982,0.0,0.0,0.0,0.0,0.0528,0.0453,0.0037
2017-08-08,0.8981,0.0,0.0,0.0,0.0,0.0556,0.0426,0.0037
2017-08-09,0.8978,0.0,0.0,0.0,0.0,0.0596,0.0386,0.004
2017-08-10,0.8977,0.0,0.0,0.0,0.0,0.0614,0.0367,0.0042
2017-08-11,0.8975,0.0,0.0,0.0,0.0,0.0641,0.0358,0.0026
2017-08-12,0.8969,0.0,0.0,0.0,0.0,0.0643,0.0366,0.0022
2017-08-13,0.8965,0.0,0.0,0.0,0.0,0.0643,0.0356,0.0036
2017-08-14,0.8962,0.0,0.0,0.0,0.0,0.0733,0.0262,0.0043
2017-08-15,0.896,0.0,0.0,0.0,0.0,0.0738,0.0257,0.0045
2017-08-16,0.8958,0.0,0.0,0.0,0.0,0.0799,0.0198,0.0045
2017-08-17,0.8956,0.0,0.0,0.0,0.0,0.0823,0.0178,0.0043
2017-08-18,0.8954,0.0,0.0,0.0,0.0,0.0838,0.0164,0.0044
2017-08-19,0.8953,0.0,0.0,0.0,0.0,0.0858,0.0153,0.0036
2017-08-20,0.8953,0.0,0.0,0.0,0.0,0.0888,0.0139,0.002
2017-08-21,0.8951,0.0,0.0,0.0,0.0,0.0893,0.014,0.0016
2017-08-22,0.8943,0.0,0.0,0.0,0.0,0.0915,0.0121,0.0021
2017-08-23,0.8941,0.0,0.0,0.0,0.0,0.0923,0.0117,0.0019
2017-08-24,0.894,0.0,0.0,0.0,0.0,0.0929,0.0112,0.0019
2017-08-25,0.894,0.0,0.0,0.0,0.0,0.093,0.0111,0.0019
2017-08-26,0.8939,0.0,0.0,0.0,0.0,0.0933,0.011,0.0018
2017-08-27,0.8938,0.0,0.0,0.0,0.0,0.0941,0.0103,0.0018
2017-08-28,0.8938,0.0,0.0,0.0,0.0,0.0954,0.0092,0.0016
2017-08-29,0.8932,0.0,0.0,0.0,0.0,0.0953,0.0098,0.0017
2017-08-30,0.8931,0.0,0.0,0.0,0.0,0.0954,0.0099,0.0016
2017-08-31,0.893,0.0,0.0,0.0,0.0,0.0954,0.0099,0.0017
2017-09-01,0.8929,0.0,0.0,0.0,0.0,0.0971,0.0083,0.0017
2017-09-02,0.8924,0.0,0.0,0.0,0.0,0.0982,0.0075,0.0019
2017-09-03,0.8922,0.0,0.0,0.0,0.0,0.0983,0.0074,0.0021
2017-09-04,0.8922,0.0,0.0,0.0,0.0,0.0982,0.0074,0.0022
2017-09-05,0.8919,0.0,0.0,0.0,0.0,0.0983,0.0082,0.0016
2017-09-06,0.8919,0.0,0.0,0.0,0.0,0.0987,0.0079,0.0015
2017-09-07,0.8918,0.0,0.0,0.0,0.0,0.0991,0.0077,0.0014
2017-09-08,0.8918,0.0,0.0,0.0,0.0,0.0992,0.0077,0.0013
2017-09-09,0.8917,0.0,0.0,0.0,0.0,0.1001,0.0073,0.0009
2017-09-10,0.8917,0.0,0.0,0.0,0.0,0.1018,0.0059,0.0006
2017-09-11,0.8916,0.0,0.0,0.0,0.0,0.1022,0.0054,0.0008
2017-09-12,0.8915,0.0,0.0,0.0,0.0,0.1024,0.0054,0.0007
2017-09-13,0.8913,0.0,0.0,0.0,0.0,0.1028,0.005,0.0009
2017-09-14,0.8913,0.0,0.0,0.0,0.0,0.103,0.0049,0.0008
2017-09-15,0.8913,0.0,0.0,0.0,0.0,0.103,0.0049,0.0008
2017-09-16,0.8913,0.0,0.0,0.0,0.0,0.1034,0.0046,0.0007
2017-09-17,0.8912,0.0,0.0,0.0,0.0,0.1035,0.0045,0.0008
2017-09-18,0.891,0.0,0.0,0.0,0.0,0.1037,0.0046,0.0007
2017-09-19,0.8909,0.0,0.0,0.0,0.0,0.1044,0.004,0.0007
2017-09-20,0.8905,0.0,0.0,0.0,0.0,0.1046,0.004,0.0009
2017-09-21,0.8889,0.0,0.0,0.0,0.0,0.1045,0.0039,0.0027
2017-09-22,0.8882,0.0,0.0,0.0,0.0,0.1046,0.0038,0.0034
2017-09-23,0.8881,0.0,0.0,0.0,0.0007,0.1042,0.0035,0.0035
2017-09-24,0.8879,0.0,0.0,0.0,0.0028,0.1019,0.0035,0.0039
2017-09-25,0.8878,0.0,0.0,0.0,0.0036,0.101,0.0037,0.0039
2017-09-26,0.8878,0.0,0.0,0.0,0.0103,0.0952,0.003,0.0037
2017-09-27,0.8872,0.0,0.0,0.0,0.0131,0.0925,0.0033,0.0039
2017-09-28,0.8867,0.0,0.0,0.0,0.0212,0.0846,0.0047,0.0028
2017-09-29,0.8866,0.0,0.0,0.0,0.0234,0.0825,0.0052,0.0023
2017-09-30,0.8862,0.0,0.0,0.0,0.0255,0.0808,0.0047,0.0028
2017-10-01,0.8852,0.0,0.0,0.0,0.0265,0.0801,0.005,0.0032
2017-10-02,0.8851,0.0,0.0,0.0,0.0287,0.078,0.0051,0.0031
2017-10-03,0.8825,0.0,0.0,0.0,0.0333,0.0731,0.0049,0.0062
2017-10-04,0.8825,0.0,0.0,0.0,0.0384,0.0677,0.0055,0.0059
2017-10-05,0.8825,0.0,0.0,0.0,0.0402,0.0576,0.0058,0.0139
2017-10-06,0.8825,0.0,0.0,0.0,0.0421,0.055,0.0059,0.0145
2017-10-07,0.8825,0.0,0.0,0.0,0.0479,0.0493,0.0065,0.0138
2017-10-08,0.8825,0.0,0.0,0.0,0.0507,0.0465,0.0075,0.0128
2017-10-09,0.8824,0.0,0.0,0.0,0.0523,0.0452,0.0072,0.0129
2017-10-10,0.8821,0.0,0.0,0.0,0.055,0.0427,0.0102,0.01
2017-10-11,0.8821,0.0,0.0,0.0,0.0585,0.0394,0.0102,0.0098
2017-10-12,0.882,0.0,0.0,0.0,0.06,0.0379,0.0187,0.0014
2017-10-13,0.8819,0.0,0.0,0.0,0.0621,0.0358,0.0194,0.0008
2017-10-14,0.8817,0.0,0.0,0.0,0.0623,0.0355,0.0194,0.0011
2017-10-15,0.8815,0.0,0.0,0.0,0.0626,0.0351,0.0193,0.0015
2017-10-16,0.8814,0.0,0.0,0.0,0.063,0.0349,0.0191,0.0016
2017-10-17,0.8812,0.0,0.0,0.0,0.0634,0.0347,0.0191,0.0016
2017-10-18,0.8812,0.0,0.0,0.0,0.0695,0.029,0.0187,0.0016
2017-10-19,0.8812,0.0,0.0,0.0,0.0718,0.0281,0.0175,0.0014
2017-10-20,0.8812,0.0,0.0,0.0,0.0732,0.0272,0.017,0.0014
2017-10-21,0.8812,0.0,0.0,0.0,0.0751,0.0254,0.0172,0.0011
2017-10-22,0.8812,0.0,0.0,0.0,0.0781,0.023,0.0169,0.0008
2017-10-23,0.8812,0.0,0.0,0.0,0.0786,0.0227,0.017,0.0005
2017-10-24,0.8812,0.0,0.0,0.0,0.0808,0.0206,0.0171,0.0003
2017-10-25,0.8812,0.0,0.0,0.0,0.0815,0.0202,0.0168,0.0003
2017-10-26,0.8812,0.0,0.0,0.0,0.0821,0.02,0.0163,0.0004
2017-10-27,0.8806,0.0,0.0,0.0,0.0821,0.02,0.0163,0.001
2017-10-28,0.88,0.0,0.0,0.0,0.0826,0.0202,0.0157,0.0015
2017-10-29,0.8794,0.0,0.0,0.0,0.083,0.0207,0.0149,0.002
2017-10-30,0.8794,0.0,0.0,0.0,0.0838,0.0198,0.0149,0.0021
2017-10-31,0.8792,0.0,0.0,0.0,0.0839,0.0229,0.0116,0.0024
2017-11-01,0.8789,0.0,0.0,0.0,0.0838,0.0229,0.0114,0.003
2017-11-02,0.8785,0.0,0.0,0.0,0.0839,0.0314,0.0029,0.0033
2017-11-03,0.8783,0.0,0.0,0.0,0.0856,0.0303,0.0029,0.0029
2017-11-04,0.8783,0.0,0.0,0.0,0.0867,0.0292,0.0035,0.0023
2017-11-05,0.878,0.0,0.0,0.0,0.0869,0.029,0.0041,0.002
2017-11-06,0.878,0.0,0.0,0.0,0.0869,0.0291,0.0041,0.0019
2017-11-07,0.878,0.0,0.0,0.0,0.0869,0.0292,0.0043,0.0016
2017-11-08,0.878,0.0,0.0,0.0,0.0871,0.0289,0.0049,0.0011
2017-11-09,0.878,0.0,0.0,0.0,0.0875,0.0287,0.0051,0.0007
2017-11-10,0.878,0.0,0.0,0.0,0.0874,0.0287,0.0053,0.0006
2017-11-11,0.878,0.0,0.0,0.0,0.0882,0.0283,0.0049,0.0006
2017-11-12,0.878,0.0,0.0,0.0,0.0899,0.027,0.0048,0.0003
2017-11-13,0.8779,0.0,0.0,0.0,0.0905,0.0267,0.0045,0.0004
2017-11-14,0.8778,0.0,0.0,0.0,0.0908,0.0265,0.0043,0.0006
2017-11-15,0.8778,0.0,0.0,0.0,0.0911,0.0261,0.0044,0.0006
2017-11-16,0.8777,0.0,0.0,0.0,0.0912,0.0259,0.0044,0.0008
2017-11-17,0.8777,0.0,0.0,0.0,0.0912,0.026,0.0045,0.0006
2017-11-18,0.8777,0.0,0.0,0.0,0.0916,0.0257,0.0044,0.0006
2017-11-19,0.8777,0.0,0.0,0.0,0.0917,0.0257,0.0043,0.0006
2017-11-20,0.8776,0.0,0.0,0.0,0.0918,0.0256,0.0044,0.0006
2017-11-21,0.8772,0.0,0.0,0.0,0.0926,0.0248,0.0046,0.0008
2017-11-22,0.8772,0.0,0.0,0.0,0.0928,0.0246,0.0047,0.0007
2017-11-23,0.8763,0.0,0.0,0.0,0.0929,0.0246,0.0048,0.0014
2017-11-24,0.8763,0.0,0.0,0.0,0.0929,0.0252,0.0041,0.0015
2017-11-25,0.8761,0.0,0.0,0.0,0.0932,0.0255,0.0035,0.0017
2017-11-26,0.8761,0.0,0.0,0.0,0.0932,0.0259,0.0029,0.0019
2017-11-27,0.8756,0.0,0.0,0.0,0.0928,0.026,0.0029,0.0027
2017-11-28,0.8755,0.0,0.0,0.0,0.0935,0.0254,0.0029,0.0027
2017-11-29,0.8753,0.0,0.0,0.0,0.0932,0.0258,0.0024,0.0033
2017-11-30,0.875,0.0,0.0,0.0,0.0933,0.0261,0.0029,0.0027
2017-12-01,0.875,0.0,0.0,0.0,0.0933,0.0263,0.0027,0.0027
2017-12-02,0.8749,0.0,0.0,0.0,0.0938,0.0258,0.0029,0.0026
2017-12-03,0.8749,0.0,0.0,0.0,0.094,0.0258,0.0028,0.0025
2017-12-04,0.8729,0.0,0.0,0.0,0.094,0.0257,0.0037,0.0037
2017-12-05,0.8718,0.0,0.0,0.0,0.0939,0.0252,0.004,0.0051
2017-12-06,0.8708,0.0,0.0,0.0,0.0937,0.0253,0.0046,0.0056
2017-12-07,0.8702,0.0,0.0,0.0,0.0937,0.0252,0.0049,0.006
2017-12-08,0.87,0.0,0.0,0.0,0.0937,0.0253,0.0048,0.0062
2017-12-09,0.8694,0.0,0.0,0.0,0.0938,0.025,0.0049,0.0069
2017-12-10,0.8694,0.0,0.0,0.0,0.0938,0.025,0.005,0.0068
2017-12-11,0.8691,0.0,0.0,0.0,0.094,0.0246,0.007,0.0053
2017-12-12,0.8686,0.0,0.0,0.0,0.0942,0.0245,0.0085,0.0042
2017-12-13,0.8677,0.0,0.0,0.0,0.0944,0.0244,0.0096,0.0039
2017-12-14,0.8662,0.0,0.0,0.0,0.0938,0.0245,0.0101,0.0054
2017-12-15,0.8651,0.0,0.0,0.0,0.0931,0.0232,0.0102,0.0084
2017-12-16,0.8644,0.0,0.0,0.0,0.0929,0.0232,0.011,0.0085
2017-12-17,0.864,0.0,0.0,0.0,0.093,0.0231,0.011,0.0089
2017-12-18,0.8635,0.0,0.0,0.0,0.0932,0.0229,0.0115,0.0089
2017-12-19,0.8634,0.0,0.0,0.0,0.0932,0.023,0.0118,0.0086
2017-12-20,0.8625,0.0,0.0,0.0,0.0935,0.0227,0.0126,0.0087
2017-12-21,0.8624,0.0,0.0,0.0,0.094,0.0231,0.0139,0.0066
2017-12-22,0.8617,0.0,0.0,0.0,0.0944,0.0228,0.0168,0.0043
2017-12-23,0.8612,0.0,0.0,0.0007,0.0937,0.023,0.0176,0.0038
2017-12-24,0.861,0.0,0.0,0.0024,0.0923,0.0229,0.0178,0.0036
2017-12-25,0.8609,0.0,0.0,0.0032,0.0917,0.0236,0.0175,0.0031
2017-12-26,0.8609,0.0,0.0,0.0093,0.0856,0.0239,0.0176,0.0027
2017-12-27,0.8609,0.0,0.0,0.0121,0.0827,0.0242,0.0182,0.0019
2017-12-28,0.8606,0.0,0.0,0.0184,0.0767,0.0242,0.018,0.0021
2017-12-29,0.8599,0.0,0.0,0.0203,0.0747,0.0242,0.0186,0.0023
2017-12-30,0.8596,0.0,0.0,0.0223,0.0716,0.0237,0.0189,0.0039
2017-12-31,0.8595,0.0,0.0,0.0233,0.071,0.0234,0.019,0.0038
2018-01-01,0.8595,0.0,0.0,0.0254,0.0689,0.0255,0.017,0.0037
2018-01-02,0.859,0.0,0.0,0.0296,0.0676,0.0239,0.0152,0.0047
2018-01-03,0.8586,0.0,0.0,0.0342,0.063,0.0249,0.0141,0.0052
2018-01-04,0.8584,0.0,0.0,0.036,0.0697,0.017,0.0137,0.0052
2018-01-05,0.8582,0.0,0.0,0.0379,0.0685,0.0166,0.0143,0.0045
2018-01-06,0.8582,0.0,0.0,0.0436,0.0628,0.0174,0.0156,0.0024
2018-01-07,0.8582,0.0,0.0,0.0462,0.0602,0.0174,0.0157,0.0023
2018-01-08,0.8573,0.0,0.0,0.0477,0.0586,0.0179,0.0151,0.0034
2018-01-09,0.8569,0.0,0.0,0.0503,0.0561,0.0184,0.0156,0.0027
2018-01-10,0.8566,0.0,0.0,0.0531,0.0532,0.0192,0.0155,0.0024
2018-01-11,0.8561,0.0,0.0,0.0544,0.0521,0.0212,0.0136,0.0026
2018-01-12,0.8554,0.0,0.0,0.0565,0.05,0.0241,0.0108,0.0032
2018-01-13,0.855,0.0,0.0,0.0568,0.0501,0.0247,0.0098,0.0036
2018-01-14,0.8545,0.0,0.0,0.057,0.0501,0.0246,0.0094,0.0044
2018-01-15,0.8527,0.0,0.0,0.0572,0.0499,0.0249,0.0096,0.0057
2018-01-16,0.8521,0.0,0.0,0.0575,0.0494,0.0252,0.0097,0.0061
2018-01-17,0.8509,0.0,0.0,0.0633,0.0435,0.0262,0.009,0.0071
2018-01-18,0.8509,0.0,0.0,0.0652,0.0415,0.0262,0.0093,0.0069
2018-01-19,0.8506,0.0,0.0,0.0663,0.0403,0.0269,0.0094,0.0065
2018-01-20,0.85,0.0,0.0,0.0679,0.0387,0.0273,0.0093,0.0068
2018-01-21,0.8481,0.0,0.0,0.0702,0.0359,0.0274,0.01,0.0084
2018-01-22,0.8481,0.0,0.0,0.0707,0.0354,0.0275,0.0122,0.0061
2018-01-23,0.8477,0.0,0.0,0.0724,0.0337,0.0275,0.0131,0.0056
2018-01-24,0.8473,0.0,0.0,0.0729,0.033,0.0277,0.014,0.0051
2018-01-25,0.8472,0.0,0.0,0.0734,0.0326,0.0279,0.014,0.0049
2018-01-26,0.8471,0.0,0.0,0.0735,0.0332,0.028,0.0136,0.0046
2018-01-27,0.8467,0.0,0.0,0.0738,0.0334,0.0293,0.0123,0.0045
2018-01-28,0.8467,0.0,0.0,0.0742,0.0336,0.0288,0.0147,0.002
2018-01-29,0.8466,0.0,0.0,0.075,0.0328,0.0287,0.0147,0.0022
2018-01-30,0.8464,0.0,0.0,0.0749,0.0328,0.0294,0.014,0.0025
2018-01-31,0.8464,0.0,0.0,0.075,0.0333,0.0295,0.0141,0.0017
2018-02-01,0.8464,0.0,0.0,0.0751,0.0336,0.0294,0.0139,0.0016
2018-02-02,0.8464,0.0,0.0,0.0767,0.0323,0.0291,0.0139,0.0016
2018-02-03,0.8464,0.0,0.0,0.0777,0.0313,0.0288,0.0145,0.0013
2018-02-04,0.8464,0.0,0.0,0.0779,0.0312,0.0286,0.0145,0.0014
2018-02-05,0.8462,0.0,0.0,0.0779,0.0312,0.0295,0.0138,0.0014
2018-02-06,0.8461,0.0,0.0,0.0779,0.0312,0.0299,0.0141,0.0008
2018-02-07,0.8461,0.0,0.0,0.078,0.0312,0.0301,0.0138,0.0008
2018-02-08,0.846,0.0,0.0,0.0784,0.0308,0.0305,0.0134,0.0009
2018-02-09,0.846,0.0,0.0,0.0785,0.0309,0.0311,0.0127,0.0008
2018-02-10,0.8459,0.0,0.0,0.079,0.0304,0.0315,0.0125,0.0007
2018-02-11,0.8457,0.0,0.0,0.0807,0.0287,0.0324,0.0117,0.0008
2018-02-12,0.8456,0.0,0.0,0.0812,0.0282,0.0346,0.0096,0.0008
2018-02-13,0.8456,0.0,0.0,0.0815,0.0281,0.0353,0.0088,0.0007
2018-02-14,0.8456,0.0,0.0,0.0819,0.0277,0.0366,0.0075,0.0007
2018-02-15,0.8456,0.0,0.0,0.0821,0.0277,0.0367,0.0073,0.0006
2018-02-16,0.8456,0.0,0.0,0.0821,0.0277,0.0371,0.007,0.0005
2018-02-17,0.8453,0.0,0.0,0.0825,0.0273,0.0378,0.0064,0.0007
2018-02-18,0.8452,0.0,0.0,0.0826,0.0272,0.0403,0.0041,0.0006
2018-02-19,0.8451,0.0,0.0,0.0827,0.0272,0.0402,0.0043,0.0005
2018-02-20,0.8451,0.0,0.0,0.0834,0.0268,0.0403,0.0039,0.0005
2018-02-21,0.8451,0.0,0.0,0.0836,0.0266,0.041,0.0031,0.0006
2018-02-22,0.8449,0.0,0.0,0.0837,0.0274,0.0402,0.003,0.0008
2018-02-23,0.8448,0.0,0.0,0.0838,0.0274,0.0402,0.0029,0.0009
2018-02-24,0.8445,0.0,0.0,0.084,0.0274,0.0405,0.0026,0.001
2018-02-25,0.8438,0.0,0.0,0.0841,0.0275,0.0403,0.0027,0.0016
2018-02-26,0.8438,0.0,0.0,0.0841,0.0284,0.0396,0.0026,0.0015
2018-02-27,0.8437,0.0,0.0,0.0848,0.028,0.04,0.0019,0.0016
2018-02-28,0.8437,0.0,0.0,0.0849,0.0284,0.0395,0.002,0.0015
2018-03-01,0.8435,0.0,0.0,0.0849,0.0287,0.0392,0.0022,0.0015
2018-03-02,0.8432,0.0,0.0,0.085,0.0287,0.0392,0.0022,0.0017
2018-03-03,0.843,0.0,0.0,0.0854,0.0283,0.0393,0.0024,0.0016
2018-03-04,0.8427,0.0,0.0,0.0856,0.0281,0.0393,0.003,0.0013
2018-03-05,0.8425,0.0,0.0,0.0857,0.0301,0.0374,0.0028,0.0015
2018-03-06,0.8425,0.0,0.0,0.086,0.0315,0.0358,0.0028,0.0014
2018-03-07,0.8425,0.0,0.0,0.086,0.0327,0.0346,0.0028,0.0014
2018-03-08,0.8189,0.0,0.0,0.086,0.0333,0.034,0.0029,0.0249
2018-03-09,0.793,0.0,0.0,0.0851,0.0336,0.0338,0.0031,0.0514
2018-03-10,0.7929,0.0,0.0,0.0852,0.0343,0.0331,0.0033,0.0512
2018-03-11,0.7929,0.0,0.0,0.0852,0.0343,0.0333,0.0035,0.0508
2018-03-12,0.7929,0.0,0.0,0.0855,0.0346,0.0329,0.0035,0.0506
2018-03-13,0.7928,0.0,0.0,0.0857,0.035,0.0323,0.0035,0.0507
2018-03-14,0.7927,0.0,0.0,0.0859,0.0355,0.0316,0.0035,0.0508
2018-03-15,0.7926,0.0,0.0,0.0859,0.0373,0.0298,0.0272,0.0272
2018-03-16,0.7926,0.0,0.0,0.0859,0.0402,0.0269,0.054,0.0004
2018-03-17,0.7925,0.0,0.0,0.0859,0.0412,0.0262,0.0538,0.0004
2018-03-18,0.7924,0.0,0.0,0.086,0.0414,0.026,0.0537,0.0005
2018-03-19,0.7922,0.0,0.0,0.0862,0.0418,0.0255,0.0536,0.0007
2018-03-20,0.7921,0.0,0.0,0.0864,0.0419,0.0252,0.0537,0.0007
2018-03-21,0.7918,0.0,0.0,0.0868,0.0425,0.0243,0.0537,0.0009
2018-03-22,0.7918,0.0,0.0,0.0873,0.0419,0.0244,0.0536,0.001
2018-03-23,0.7917,0.0,0.0,0.0876,0.0421,0.0239,0.0535,0.0012
2018-03-24,0.7912,0.0,0.0,0.0866,0.0426,0.0238,0.0532,0.0026
2018-03-25,0.791,0.0,0.0,0.0869,0.0425,0.0243,0.0526,0.0027
2018-03-26,0.791,0.0,0.0,0.087,0.0424,0.0241,0.0528,0.0027
2018-03-27,0.791,0.0,0.0,0.0869,0.0424,0.0242,0.0528,0.0027
2018-03-28,0.7909,0.0,0.0,0.0871,0.0424,0.024,0.0531,0.0025
2018-03-29,0.7908,0.0,0.0,0.0874,0.0423,0.024,0.0531,0.0024
2018-03-30,0.7908,0.0,0.0,0.0875,0.043,0.0235,0.053,0.0022
2018-03-31,0.7908,0.0,0.0,0.0881,0.0444,0.0218,0.0542,0.0007
2018-04-01,0.7906,0.0,0.0,0.0885,0.0441,0.0221,0.054,0.0007
2018-04-02,0.7904,0.0,0.0,0.0885,0.0441,0.0223,0.054,0.0007
2018-04-03,0.7901,0.0,0.0,0.0917,0.0419,0.0212,0.0541,0.001
2018-04-04,0.7898,0.0,0.0,0.0917,0.0424,0.0205,0.0542,0.0014
2018-04-05,0.7884,0.0,0.0,0.0991,0.0341,0.0439,0.0306,0.0039
2018-04-06,0.7883,0.0,0.0,0.0998,0.0334,0.0707,0.0038,0.004
2018-04-07,0.7882,0.0,0.0,0.0998,0.0334,0.0708,0.0037,0.0041
2018-04-08,0.788,0.0,0.0,0.0998,0.0334,0.0708,0.0039,0.0041
2018-04-09,0.7878,0.0,0.0,0.0999,0.0342,0.0699,0.0041,0.0041
2018-04-10,0.7877,0.0,0.0,0.1,0.0345,0.0696,0.0044,0.0038
2018-04-11,0.7877,0.0,0.0,0.1,0.0348,0.0694,0.0048,0.0033
2018-04-12,0.7876,0.0,0.0,0.1002,0.035,0.0691,0.0073,0.0008
2018-04-13,0.7876,0.0,0.0,0.1002,0.0358,0.0683,0.0074,0.0007
2018-04-14,0.7876,0.0,0.0,0.1006,0.0358,0.068,0.0074,0.0006
2018-04-15,0.7874,0.0,0.0,0.101,0.0363,0.0672,0.0075,0.0006
2018-04-16,0.7874,0.0,0.0,0.1013,0.0383,0.0651,0.0075,0.0004
2018-04-17,0.7873,0.0,0.0,0.1013,0.0392,0.0643,0.0075,0.0004
2018-04-18,0.7871,0.0,0.0,0.1013,0.0405,0.0633,0.0072,0.0006
2018-04-19,0.7866,0.0,0.0,0.1013,0.0408,0.0632,0.0071,0.001
2018-04-20,0.7866,0.0,0.0,0.1013,0.0412,0.063,0.0069,0.001
2018-04-21,0.7864,0.0,0.0,0.1014,0.0418,0.0637,0.0054,0.0013
2018-04-22,0.7862,0.0,0.0,0.1015,0.0442,0.0613,0.0054,0.0014
2018-04-23,0.7858,0.0,0.0,0.1014,0.0442,0.0615,0.0052,0.0019
2018-04-24,0.7858,0.0,0.0,0.1014,0.0446,0.0612,0.0052,0.0018
2018-04-25,0.785,0.0,0.0,0.1014,0.0454,0.0604,0.0053,0.0025
2018-04-26,0.7849,0.0,0.0,0.1015,0.0454,0.0604,0.0057,0.0021
2018-04-27,0.7848,0.0,0.0,0.1021,0.0449,0.0603,0.0057,0.0022
2018-04-28,0.7848,0.0,0.0,0.1027,0.0449,0.0597,0.006,0.0019
2018-04-29,0.7846,0.0,0.0,0.1033,0.0443,0.0599,0.0061,0.0018
2018-04-30,0.7846,0.0,0.0,0.1033,0.0445,0.0599,0.0064,0.0013
2018-05-01,0.7846,0.0,0.0,0.1035,0.045,0.0596,0.006,0.0013
2018-05-02,0.7844,0.0,0.0,0.1041,0.0444,0.0601,0.0064,0.0006
2018-05-03,0.7841,0.0,0.0,0.1044,0.0441,0.0627,0.0039,0.0008
2018-05-04,0.7841,0.0,0.0,0.1047,0.0439,0.0627,0.0039,0.0007
2018-05-05,0.7841,0.0,0.0,0.1047,0.0441,0.0626,0.0038,0.0007
2018-05-06,0.7839,0.0,0.0,0.1048,0.0441,0.0627,0.0038,0.0007
2018-05-07,0.7836,0.0,0.0,0.1046,0.0443,0.0627,0.0036,0.0012
2018-05-08,0.7814,0.0,0.0,0.1043,0.0444,0.0627,0.0035,0.0037
2018-05-09,0.7814,0.0,0.0,0.1043,0.0443,0.0627,0.0037,0.0036
2018-05-10,0.7814,0.0,0.0,0.1042,0.0444,0.0627,0.0039,0.0034
2018-05-11,0.7814,0.0,0.0,0.1044,0.0443,0.0626,0.0039,0.0034
2018-05-12,0.7814,0.0,0.0,0.1044,0.0444,0.0625,0.0039,0.0034
2018-05-13,0.7814,0.0,0.0,0.1044,0.0446,0.0625,0.0039,0.0032
2018-05-14,0.7814,0.0,0.0,0.1045,0.0447,0.0623,0.0044,0.0027
2018-05-15,0.7814,0.0,0.0,0.1047,0.0445,0.0624,0.0068,0.0002
2018-05-16,0.7814,0.0,0.0,0.1047,0.0445,0.0626,0.0067,0.0001
2018-05-17,0.7814,0.0,0.0,0.1049,0.0443,0.0631,0.0063,0.0
2018-05-18,0.7813,0.0,0.0,0.1049,0.0443,0.0631,0.0063,0.0001
2018-05-19,0.7813,0.0,0.0,0.1049,0.0445,0.0632,0.006,0.0001
2018-05-20,0.7812,0.0,0.0,0.1049,0.0446,0.0634,0.0057,0.0002
2018-05-21,0.7812,0.0,0.0,0.105,0.0446,0.0638,0.0052,0.0002
2018-05-22,0.7812,0.0,0.0,0.1053,0.0443,0.0638,0.0052,0.0002
2018-05-23,0.7811,0.0,0.0,0.1054,0.0443,0.0646,0.0043,0.0003
2018-05-24,0.7811,0.0,0.0,0.1063,0.0436,0.0645,0.0042,0.0003
2018-05-25,0.7811,0.0,0.0,0.1064,0.0436,0.0645,0.0042,0.0002
2018-05-26,0.7808,0.0,0.0,0.1065,0.0438,0.0641,0.0042,0.0006
2018-05-27,0.7802,0.0,0.0,0.1067,0.0443,0.0636,0.0041,0.0011
2018-05-28,0.7799,0.0,0.0,0.1075,0.0434,0.0636,0.0041,0.0015
2018-05-29,0.7778,0.0,0.0,0.1078,0.0432,0.0635,0.004,0.0037
2018-05-30,0.7769,0.0,0.0,0.1083,0.0427,0.0637,0.0039,0.0045
2018-05-31,0.7759,0.0,0.0,0.1086,0.0426,0.0638,0.0036,0.0055
2018-06-01,0.7749,0.0,0.0,0.1086,0.0428,0.0635,0.0036,0.0066
2018-06-02,0.7739,0.0,0.0,0.1087,0.043,0.0632,0.004,0.0072
2018-06-03,0.7739,0.0,0.0,0.1088,0.0433,0.063,0.0044,0.0066
2018-06-04,0.7738,0.0,0.0,0.1109,0.0414,0.0632,0.0042,0.0065
2018-06-05,0.7738,0.0,0.0,0.1126,0.0397,0.0657,0.0041,0.0041
2018-06-06,0.7738,0.0,0.0,0.1138,0.0385,0.0658,0.0049,0.0032
2018-06-07,0.7737,0.0,0.0,0.1145,0.0615,0.0422,0.0057,0.0024
2018-06-08,0.7734,0.0,0.0,0.1148,0.088,0.0154,0.0068,0.0016
2018-06-09,0.7684,0.0,0.0,0.1151,0.0872,0.015,0.0078,0.0065
2018-06-10,0.7684,0.0,0.0,0.1151,0.0872,0.015,0.0078,0.0065
2018-06-11,0.7684,0.0,0.0,0.1156,0.0867,0.015,0.0079,0.0064
2018-06-12,0.7679,0.0,0.0,0.1161,0.0862,0.0149,0.0079,0.007
2018-06-13,0.7667,0.0,0.0,0.1148,0.0856,0.0148,0.0079,0.0102
2018-06-14,0.7666,0.0,0.0,0.1165,0.084,0.0147,0.0081,0.0101
2018-06-15,0.7664,0.0,0.0,0.1194,0.0811,0.0148,0.0083,0.01
2018-06-16,0.7663,0.0,0.0,0.1203,0.0803,0.0147,0.014,0.0044
2018-06-17,0.7663,0.0,0.0,0.1206,0.0801,0.0147,0.0139,0.0044
2018-06-18,0.7657,0.0,0.0,0.1193,0.0796,0.0146,0.0141,0.0067
2018-06-19,0.7656,0.0,0.0,0.1196,0.0794,0.0145,0.0147,0.0062
2018-06-20,0.7656,0.0,0.0,0.1206,0.0787,0.0143,0.0178,0.003
2018-06-21,0.7656,0.0,0.0,0.1207,0.0788,0.0141,0.0179,0.0029
2018-06-22,0.7656,0.0,0.0,0.1213,0.0784,0.0139,0.0181,0.0027
2018-06-23,0.7655,0.0,0.0007,0.1211,0.0793,0.0129,0.0178,0.0027
2018-06-24,0.7655,0.0,0.0022,0.1198,0.0792,0.0134,0.0169,0.003
2018-06-25,0.7655,0.0,0.0029,0.1192,0.0793,0.0134,0.0192,0.0005
2018-06-26,0.7654,0.0,0.0072,0.1149,0.0794,0.0157,0.0169,0.0005
2018-06-27,0.7654,0.0,0.0099,0.1124,0.0792,0.0166,0.016,0.0005
2018-06-28,0.7654,0.0,0.0146,0.1079,0.0791,0.0174,0.0151,0.0005
2018-06-29,0.7653,0.0,0.0158,0.1075,0.0783,0.0185,0.014,0.0006
2018-06-30,0.7653,0.0,0.0178,0.1075,0.0763,0.0195,0.0131,0.0005
2018-07-01,0.7648,0.0,0.0188,0.1066,0.0763,0.0184,0.0133,0.0018
2018-07-02,0.7648,0.0,0.0206,0.1048,0.0765,0.0183,0.0132,0.0018
2018-07-03,0.7648,0.0,0.0242,0.1023,0.0758,0.0179,0.0133,0.0017
2018-07-04,0.7648,0.0,0.0285,0.0987,0.0756,0.0174,0.0133,0.0017
2018-07-05,0.7647,0.0,0.0301,0.0974,0.0778,0.015,0.0131,0.0019
2018-07-06,0.7647,0.0,0.032,0.0955,0.0779,0.0152,0.0129,0.0018
2018-07-07,0.7647,0.0,0.0377,0.0898,0.078,0.0205,0.0075,0.0018
2018-07-08,0.7647,0.0,0.0401,0.0874,0.0782,0.0203,0.0091,0.0002
2018-07-09,0.7647,0.0,0.0416,0.0868,0.0775,0.0203,0.0089,0.0002
2018-07-10,0.7647,0.0,0.0442,0.0846,0.0772,0.0208,0.0083,0.0002
2018-07-11,0.7647,0.0,0.0461,0.0829,0.0769,0.024,0.0051,0.0003
2018-07-12,0.7647,0.0,0.0468,0.0826,0.0766,0.024,0.0052,0.0001
2018-07-13,0.7647,0.0,0.0486,0.0816,0.0758,0.0241,0.0051,0.0001
2018-07-14,0.7647,0.0,0.0489,0.0817,0.0754,0.0242,0.005,0.0001
2018-07-15,0.7647,0.0,0.0492,0.0823,0.0747,0.024,0.005,0.0001
2018-07-16,0.7647,0.0,0.0496,0.0842,0.0724,0.0265,0.0025,0.0001
2018-07-17,0.7647,0.0,0.05,0.0847,0.0716,0.0265,0.0024,0.0001
2018-07-18,0.7647,0.0,0.0555,0.0805,0.0705,0.0262,0.0025,0.0001
2018-07-19,0.7646,0.0,0.0569,0.0794,0.0705,0.0259,0.0025,0.0002
2018-07-20,0.7646,0.0,0.0575,0.0792,0.0701,0.0259,0.0025,0.0002
2018-07-21,0.7646,0.0,0.0587,0.0787,0.0697,0.0256,0.0024,0.0003
2018-07-22,0.7646,0.0,0.0616,0.0783,0.0675,0.0256,0.0021,0.0003
2018-07-23,0.7646,0.0,0.062,0.0779,0.0679,0.0252,0.0021,0.0003
2018-07-24,0.7645,0.0,0.0637,0.0766,0.0675,0.0253,0.002,0.0004
2018-07-25,0.7645,0.0,0.0642,0.0769,0.0675,0.0245,0.0021,0.0003
2018-07-26,0.7644,0.0,0.0646,0.0766,0.0675,0.0244,0.0022,0.0003
2018-07-27,0.7643,0.0,0.0646,0.0766,0.0674,0.0243,0.0021,0.0007
2018-07-28,0.7643,0.0,0.0648,0.077,0.0667,0.0243,0.0022,0.0007
2018-07-29,0.7643,0.0,0.0652,0.0766,0.0669,0.0257,0.0006,0.0007
2018-07-30,0.7643,0.0,0.066,0.0759,0.0668,0.0257,0.0006,0.0007
2018-07-31,0.7643,0.0,0.0661,0.0765,0.0661,0.0257,0.0007,0.0006
2018-08-01,0.764,0.0,0.0662,0.0764,0.0663,0.0255,0.0007,0.0009
2018-08-02,0.764,0.0,0.0663,0.0763,0.0666,0.0254,0.0006,0.0008
2018-08-03,0.7639,0.0,0.0679,0.0748,0.0665,0.0254,0.001,0.0005
2018-08-04,0.7638,0.0,0.0689,0.074,0.0663,0.0254,0.0011,0.0005
2018-08-05,0.7638,0.0,0.0689,0.0741,0.0664,0.0252,0.0011,0.0005
2018-08-06,0.7638,0.0,0.0689,0.0743,0.0665,0.0249,0.0011,0.0005
2018-08-07,0.7637,0.0,0.0689,0.0742,0.0688,0.0225,0.0011,0.0008
2018-08-08,0.7634,0.0,0.069,0.0741,0.0689,0.0225,0.0013,0.0008
2018-08-09,0.7634,0.0,0.0694,0.0738,0.0689,0.0224,0.0013,0.0008
2018-08-10,0.7634,0.0,0.0695,0.0738,0.0688,0.0224,0.0014,0.0007
2018-08-11,0.7633,0.0,0.0698,0.0736,0.0687,0.0224,0.0015,0.0007
2018-08-12,0.7633,0.0,0.0714,0.0722,0.0685,0.0224,0.0015,0.0007
2018-08-13,0.7633,0.0,0.072,0.0717,0.0683,0.0224,0.0015,0.0008
2018-08-14,0.7632,0.0,0.0723,0.0714,0.0683,0.0224,0.0018,0.0006
2018-08-15,0.7631,0.0,0.0726,0.0711,0.0683,0.0225,0.002,0.0004
2018-08-16,0.762,0.0,0.0727,0.0707,0.0681,0.0226,0.0019,0.002
2018-08-17,0.762,0.0,0.0727,0.0707,0.0681,0.0225,0.0019,0.0021
2018-08-18,0.7619,0.0,0.0731,0.0705,0.0679,0.0226,0.0019,0.0021
2018-08-19,0.7617,0.0,0.0732,0.0705,0.0679,0.0225,0.0019,0.0023
2018-08-20,0.7617,0.0,0.0733,0.0705,0.0678,0.0225,0.002,0.0022
2018-08-21,0.7617,0.0,0.074,0.0698,0.0678,0.0226,0.002,0.0021
2018-08-22,0.7617,0.0,0.0742,0.0697,0.0678,0.0225,0.0021,0.002
2018-08-23,0.7615,0.0,0.0742,0.0698,0.0676,0.0226,0.0036,0.0007
2018-08-24,0.7615,0.0,0.0743,0.0698,0.0675,0.023,0.0033,0.0006
2018-08-25,0.7615,0.0,0.0745,0.07,0.0675,0.0227,0.0033,0.0005
2018-08-26,0.7615,0.0,0.0746,0.0706,0.0674,0.0221,0.0035,0.0003
2018-08-27,0.7611,0.0,0.0746,0.0705,0.0676,0.0219,0.0035,0.0008
2018-08-28,0.7609,0.0,0.0753,0.0699,0.0699,0.0195,0.0035,0.001
2018-08-29,0.7608,0.0,0.0754,0.0698,0.0708,0.0189,0.0032,0.0011
2018-08-30,0.7608,0.0,0.0754,0.07,0.0715,0.018,0.0035,0.0008
2018-08-31,0.7608,0.0,0.0755,0.0702,0.0723,0.017,0.0034,0.0008
2018-09-01,0.7608,0.0,0.076,0.07,0.0723,0.0168,0.0033,0.0008
2018-09-02,0.7602,0.0,0.0761,0.07,0.0719,0.0168,0.0033,0.0017
2018-09-03,0.76,0.0,0.0762,0.0701,0.0717,0.0167,0.0037,0.0016
2018-09-04,0.76,0.0,0.0765,0.0698,0.0717,0.017,0.0036,0.0014
2018-09-05,0.76,0.0,0.0765,0.0698,0.0717,0.0173,0.0034,0.0013
2018-09-06,0.76,0.0,0.0766,0.0934,0.0482,0.0171,0.0034,0.0013
2018-09-07,0.76,0.0,0.0766,0.1202,0.0217,0.0168,0.0034,0.0013
2018-09-08,0.76,0.0,0.0767,0.1202,0.0269,0.0115,0.0033,0.0014
2018-09-09,0.76,0.0,0.0767,0.1202,0.0269,0.0115,0.0043,0.0004
2018-09-10,0.76,0.0,0.077,0.1199,0.0271,0.0114,0.0045,0.0001
2018-09-11,0.76,0.0,0.0772,0.1198,0.0276,0.0109,0.0044,0.0001
2018-09-12,0.7596,0.0,0.0772,0.1195,0.0308,0.0078,0.0043,0.0008
2018-09-13,0.7596,0.0,0.0772,0.1196,0.0308,0.0093,0.0027,0.0008
2018-09-14,0.7596,0.0,0.0772,0.1196,0.0309,0.0093,0.0026,0.0008
2018-09-15,0.7595,0.0,0.0772,0.1197,0.0309,0.0092,0.0026,0.0009
2018-09-16,0.7595,0.0,0.0773,0.1197,0.0308,0.0094,0.0024,0.0009
2018-09-17,0.7595,0.0,0.0775,0.1195,0.0332,0.0069,0.0024,0.001
2018-09-18,0.7595,0.0,0.0777,0.1194,0.0332,0.0067,0.0024,0.0011
2018-09-19,0.7595,0.0,0.0781,0.1193,0.0329,0.0067,0.0031,0.0004
2018-09-20,0.7595,0.0,0.0785,0.1191,0.0327,0.007,0.0028,0.0004
2018-09-21,0.7594,0.0,0.0789,0.1188,0.0325,0.007,0.0028,0.0006
2018-09-22,0.7593,0.0,0.0788,0.1195,0.0317,0.0069,0.003,0.0008
2018-09-23,0.7591,0.0,0.0791,0.1191,0.0318,0.0066,0.003,0.0013
2018-09-24,0.7591,0.0,0.0793,0.1191,0.0316,0.007,0.0027,0.0012
2018-09-25,0.7591,0.0,0.0793,0.1192,0.0315,0.0072,0.0026,0.0011
2018-09-26,0.7591,0.0,0.0795,0.119,0.0315,0.0073,0.0025,0.0011
2018-09-27,0.759,0.0,0.0797,0.1188,0.0314,0.0073,0.0025,0.0013
2018-09-28,0.7588,0.0,0.0798,0.1187,0.0315,0.0072,0.0027,0.0013
2018-09-29,0.7588,0.0,0.0804,0.1181,0.0315,0.0072,0.0031,0.0009
2018-09-30,0.7587,0.0,0.0808,0.1179,0.0329,0.0066,0.0026,0.0005
2018-10-01,0.7587,0.0,0.0808,0.1181,0.0326,0.0069,0.0023,0.0006
2018-10-02,0.7587,0.0,0.084,0.1152,0.0322,0.0069,0.0023,0.0007
2018-10-03,0.7583,0.0,0.0839,0.1151,0.0317,0.0069,0.0023,0.0018
2018-10-04,0.7582,0.0,0.0925,0.1091,0.0293,0.0067,0.0025,0.0017
2018-10-05,0.7581,0.0,0.0932,0.1083,0.0292,0.0067,0.0026,0.0019
2018-10-06,0.758,0.0,0.0932,0.1084,0.0291,0.0068,0.0025,0.002
2018-10-07,0.758,0.0,0.093,0.1086,0.0289,0.0068,0.0025,0.0022
2018-10-08,0.758,0.0,0.0931,0.1087,0.0287,0.0068,0.0026,0.0021
2018-10-09,0.7577,0.0,0.0932,0.1087,0.0286,0.0068,0.0027,0.0023
2018-10-10,0.7577,0.0,0.0932,0.1087,0.0287,0.0074,0.0033,0.001
2018-10-11,0.7577,0.0,0.0934,0.1086,0.0286,0.0074,0.0034,0.0009
2018-10-12,0.7569,0.0,0.0931,0.1085,0.0286,0.0074,0.0037,0.0018
2018-10-13,0.7562,0.0,0.0934,0.1079,0.0286,0.0075,0.0036,0.0028
2018-10-14,0.7562,0.0,0.0938,0.1077,0.0284,0.0075,0.0038,0.0026
2018-10-15,0.756,0.0,0.094,0.1075,0.0284,0.0076,0.0037,0.0028
2018-10-16,0.756,0.0,0.094,0.1076,0.0283,0.0077,0.0039,0.0025
2018-10-17,0.756,0.0,0.094,0.1078,0.0282,0.0076,0.0039,0.0025
2018-10-18,0.756,0.0,0.094,0.1081,0.028,0.0075,0.0039,0.0025
2018-10-19,0.7556,0.0,0.094,0.1081,0.028,0.0077,0.0049,0.0017
2018-10-20,0.7556,0.0,0.094,0.1084,0.0278,0.008,0.0056,0.0006
2018-10-21,0.7553,0.0,0.0941,0.1086,0.0275,0.0085,0.0051,0.0009
2018-10-22,0.7553,0.0,0.0941,0.109,0.0271,0.0085,0.0053,0.0007
2018-10-23,0.7553,0.0,0.0941,0.109,0.0272,0.0084,0.0053,0.0007
2018-10-24,0.7546,0.0,0.0939,0.1098,0.0264,0.0084,0.0053,0.0016
2018-10-25,0.7545,0.0,0.094,0.1098,0.0264,0.0085,0.0051,0.0017
2018-10-26,0.7544,0.0,0.0946,0.1091,0.0267,0.0082,0.0054,0.0016
2018-10-27,0.7541,0.0,0.0952,0.1085,0.0267,0.0082,0.0054,0.0019
2018-10-28,0.7541,0.0,0.0958,0.1081,0.0265,0.0082,0.0057,0.0016
2018-10-29,0.7535,0.0,0.0958,0.1081,0.0265,0.0083,0.0056,0.0022
2018-10-30,0.7533,0.0,0.096,0.1079,0.0265,0.0084,0.0055,0.0024
2018-10-31,0.7533,0.0,0.0966,0.1075,0.0266,0.0094,0.0051,0.0015
2018-11-01,0.7532,0.0,0.0969,0.1075,0.0263,0.0095,0.0051,0.0015
2018-11-02,0.753,0.0,0.0971,0.1073,0.0264,0.0097,0.0051,0.0014
2018-11-03,0.753,0.0,0.0971,0.1073,0.0265,0.0097,0.0053,0.0011
2018-11-04,0.7528,0.0,0.0971,0.1074,0.0263,0.0099,0.0051,0.0014
2018-11-05,0.7528,0.0,0.0971,0.1075,0.0262,0.0099,0.0057,0.0008
2018-11-06,0.7528,0.0,0.0971,0.1098,0.0242,0.0099,0.0056,0.0006
2018-11-07,0.7527,0.0,0.0972,0.1098,0.0244,0.0096,0.0056,0.0007
2018-11-08,0.7524,0.0,0.0972,0.1099,0.0243,0.0096,0.0057,0.0009
2018-11-09,0.7523,0.0,0.0974,0.1097,0.0243,0.0108,0.0047,0.0008
2018-11-10,0.7523,0.0,0.0974,0.1097,0.0244,0.0118,0.0036,0.0008
2018-11-11,0.7523,0.0,0.0974,0.1097,0.0244,0.0118,0.0039,0.0005
2018-11-12,0.7523,0.0,0.0975,0.1096,0.0244,0.012,0.0037,0.0005
2018-11-13,0.7522,0.0,0.0977,0.1094,0.0245,0.0119,0.0037,0.0006
2018-11-14,0.7521,0.0,0.0976,0.1094,0.0246,0.0118,0.0038,0.0007
2018-11-15,0.7521,0.0,0.0978,0.1091,0.0262,0.0102,0.0041,0.0005
2018-11-16,0.7521,0.0,0.0978,0.1092,0.0262,0.0105,0.0038,0.0004
2018-11-17,0.7521,0.0,0.0978,0.1092,0.0263,0.0104,0.0038,0.0004
2018-11-18,0.752,0.0,0.0978,0.1093,0.0264,0.0105,0.0035,0.0005
2018-11-19,0.7515,0.0,0.0979,0.1092,0.0264,0.0105,0.0035,0.001
2018-11-20,0.7513,0.0,0.0982,0.1089,0.0264,0.0105,0.0036,0.0011
2018-11-21,0.7501,0.0,0.0981,0.1088,0.0263,0.0114,0.0029,0.0024
2018-11-22,0.75,0.0,0.0987,0.1082,0.0266,0.0112,0.0029,0.0024
2018-11-23,0.7499,0.0,0.0987,0.108,0.0266,0.0115,0.0026,0.0027
2018-11-24,0.7499,0.0,0.0989,0.1082,0.0262,0.0118,0.0023,0.0027
2018-11-25,0.7498,0.0,0.099,0.1086,0.0256,0.0118,0.0024,0.0028
2018-11-26,0.7497,0.0,0.0996,0.108,0.0258,0.012,0.0023,0.0026
2018-11-27,0.7489,0.0,0.0997,0.1101,0.0236,0.012,0.0023,0.0034
2018-11-28,0.7484,0.0,0.1,0.1105,0.0228,0.0119,0.0038,0.0026
2018-11-29,0.7481,0.0,0.1003,0.1111,0.0219,0.012,0.0038,0.0028
2018-11-30,0.7479,0.0,0.1004,0.1119,0.0208,0.0122,0.0039,0.0029
2018-12-01,0.7479,0.0,0.1004,0.112,0.0205,0.0122,0.0039,0.0031
2018-12-02,0.7479,0.0,0.1005,0.1119,0.0214,0.0116,0.0038,0.0029
2018-12-03,0.7479,0.0,0.1026,0.1099,0.0216,0.0113,0.0039,0.0028
2018-12-04,0.7478,0.0,0.1043,0.1082,0.0216,0.0113,0.0051,0.0017
2018-12-05,0.7476,0.0,0.1054,0.1071,0.0216,0.0114,0.0057,0.0012
2018-12-06,0.7469,0.0,0.1061,0.1063,0.0214,0.0113,0.0057,0.0023
2018-12-07,0.7468,0.0,0.1062,0.1062,0.0211,0.0113,0.006,0.0024
2018-12-08,0.7461,0.0,0.1068,0.1107,0.0159,0.0112,0.0062,0.0031
2018-12-09,0.7457,0.0,0.1065,0.1107,0.0159,0.0112,0.0062,0.0038
2018-12-10,0.7457,0.0,0.1069,0.1105,0.0157,0.0112,0.0062,0.0038
2018-12-11,0.7457,0.0,0.1075,0.1105,0.0151,0.0113,0.0061,0.0038
2018-12-12,0.7457,0.0,0.1082,0.113,0.0125,0.0108,0.0061,0.0037
2018-12-13,0.7457,0.0,0.1098,0.1115,0.0124,0.0109,0.0074,0.0023
2018-12-14,0.7424,0.0,0.1114,0.1097,0.0123,0.0109,0.0079,0.0054
2018-12-15,0.7424,0.0,0.1122,0.109,0.0124,0.0107,0.0088,0.0045
2018-12-16,0.7423,0.0,0.1124,0.1088,0.0124,0.0108,0.0093,0.004
2018-12-17,0.7417,0.0,0.1129,0.1107,0.01,0.0111,0.0085,0.0051
2018-12-18,0.7414,0.0,0.1132,0.1105,0.01,0.0112,0.0084,0.0053
2018-12-19,0.7413,0.0,0.1141,0.1095,0.01,0.0127,0.007,0.0054
2018-12-20,0.7411,0.0,0.1142,0.1094,0.01,0.0128,0.0069,0.0056
2018-12-21,0.7407,0.0,0.1147,0.1086,0.0102,0.0128,0.0104,0.0026
2018-12-22,0.7406,0.0,0.1152,0.1082,0.0105,0.0124,0.0104,0.0027
2018-12-23,0.7403,0.0,0.1131,0.1083,0.0107,0.0121,0.0103,0.0052
2018-12-24,0.7402,0.0,0.1132,0.1082,0.0107,0.0122,0.0113,0.0042
2018-12-25,0.7398,0.0,0.1131,0.1081,0.0107,0.0133,0.0105,0.0045
2018-12-26,0.7397,0.0,0.1132,0.1079,0.0107,0.014,0.01,0.0045
2018-12-27,0.7397,0.0,0.1134,0.1077,0.0109,0.0141,0.0099,0.0043
2018-12-28,0.7397,0.0,0.1141,0.107,0.0109,0.0143,0.0102,0.0038
2018-12-29,0.7397,0.0,0.1155,0.1054,0.0108,0.0145,0.0101,0.004
2018-12-30,0.7395,0.0,0.1155,0.1067,0.0092,0.0145,0.0125,0.0021
2018-12-31,0.7389,0.0,0.1154,0.1066,0.0093,0.0143,0.0126,0.0029
2019-01-01,0.7389,0.0,0.1164,0.1056,0.0094,0.0143,0.0131,0.0023
2019-01-02,0.7388,0.0,0.1171,0.1048,0.0107,0.0132,0.013,0.0024
2019-01-03,0.7388,0.0,0.1174,0.1047,0.0106,0.0145,0.0116,0.0024
2019-01-04,0.7388,0.0,0.1174,0.1047,0.0109,0.0147,0.0114,0.0021
2019-01-05,0.7385,0.0,0.1174,0.1047,0.011,0.0155,0.0108,0.0021
2019-01-06,0.7385,0.0,0.1174,0.1047,0.0112,0.0157,0.011,0.0015
2019-01-07,0.7385,0.0,0.1182,0.1039,0.0112,0.0157,0.0119,0.0006
2019-01-08,0.7381,0.0,0.1179,0.1035,0.0115,0.0155,0.0118,0.0017
2019-01-09,0.738,0.0,0.1179,0.1033,0.0114,0.0156,0.0118,0.002
2019-01-10,0.7379,0.0,0.1182,0.1029,0.0114,0.0156,0.0118,0.0022
2019-01-11,0.7378,0.0,0.119,0.1021,0.0126,0.0181,0.0082,0.0022
2019-01-12,0.7377,0.0,0.1194,0.1017,0.0136,0.0171,0.0085,0.002
2019-01-13,0.7377,0.0,0.1203,0.1008,0.0136,0.0172,0.0084,0.002
2019-01-14,0.7377,0.0,0.1226,0.0985,0.0138,0.018,0.0073,0.0021
2019-01-15,0.7377,0.0,0.1235,0.0976,0.0138,0.0183,0.0081,0.001
2019-01-16,0.7377,0.0,0.1248,0.0964,0.0137,0.0185,0.0083,0.0006
2019-01-17,0.7376,0.0,0.1251,0.0962,0.0136,0.0187,0.0083,0.0005
2019-01-18,0.7376,0.0,0.1253,0.0959,0.0137,0.0192,0.0078,0.0005
2019-01-19,0.7375,0.0,0.1259,0.0953,0.0136,0.0193,0.0078,0.0006
2019-01-20,0.7374,0.0,0.1283,0.0927,0.0138,0.0212,0.0053,0.0013
2019-01-21,0.7372,0.0,0.1279,0.0926,0.0138,0.0213,0.0053,0.0019
2019-01-22,0.7371,0.0,0.1282,0.0923,0.0137,0.0219,0.0047,0.0021
2019-01-23,0.7369,0.0,0.1289,0.0915,0.0146,0.021,0.0047,0.0024
2019-01-24,0.7368,0.0,0.129,0.0915,0.0146,0.0209,0.0047,0.0025
2019-01-25,0.7359,0.0,0.1286,0.0918,0.0143,0.0212,0.0045,0.0037
2019-01-26,0.7357,0.0,0.1292,0.0912,0.0146,0.0211,0.0045,0.0037
2019-01-27,0.7354,0.0,0.129,0.0912,0.0146,0.0216,0.0047,0.0035
2019-01-28,0.7352,0.0,0.1291,0.0911,0.0152,0.0219,0.0045,0.003
2019-01-29,0.7352,0.0,0.1298,0.0904,0.0154,0.0217,0.0047,0.0028
2019-01-30,0.7352,0.0,0.1298,0.0906,0.0152,0.0218,0.0049,0.0025
2019-01-31,0.735,0.0,0.1298,0.0905,0.0153,0.0217,0.0051,0.0026
2019-02-01,0.735,0.0,0.1299,0.0905,0.0152,0.0218,0.0063,0.0013
2019-02-02,0.7349,0.0,0.1299,0.0904,0.0151,0.0221,0.0062,0.0014
2019-02-03,0.7349,0.0,0.13,0.0903,0.0154,0.0218,0.0067,0.0009
2019-02-04,0.7347,0.0,0.1301,0.0901,0.0154,0.0218,0.0069,0.001
2019-02-05,0.7347,0.0,0.1302,0.0902,0.0152,0.0228,0.0059,0.001
2019-02-06,0.7347,0.0,0.1302,0.0905,0.0149,0.0231,0.0055,0.0011
2019-02-07,0.7347,0.0,0.1303,0.0904,0.0152,0.023,0.0054,0.001
2019-02-08,0.7347,0.0,0.1304,0.0903,0.0153,0.0231,0.0053,0.0009
2019-02-09,0.7346,0.0,0.1304,0.0903,0.0151,0.0232,0.0054,0.001
2019-02-10,0.7346,0.0,0.1305,0.0902,0.0151,0.0232,0.0056,0.0008
2019-02-11,0.7345,0.0,0.1307,0.09,0.0151,0.0233,0.0058,0.0006
2019-02-12,0.7345,0.0,0.1307,0.0901,0.0151,0.0232,0.0058,0.0006
2019-02-13,0.7345,0.0,0.1307,0.0902,0.0152,0.023,0.0059,0.0005
2019-02-14,0.7345,0.0,0.1307,0.0918,0.0137,0.023,0.0058,0.0005
2019-02-15,0.7344,0.0,0.1306,0.0919,0.0136,0.0232,0.0056,0.0007
2019-02-16,0.7344,0.0,0.1307,0.0919,0.0135,0.0234,0.0057,0.0004
2019-02-17,0.7343,0.0,0.1307,0.092,0.0134,0.024,0.0051,0.0005
2019-02-18,0.7343,0.0,0.1307,0.092,0.0139,0.0241,0.0046,0.0004
2019-02-19,0.7343,0.0,0.1306,0.092,0.0141,0.0241,0.0044,0.0005
2019-02-20,0.7342,0.0,0.1307,0.0919,0.0156,0.0229,0.0041,0.0006
2019-02-21,0.7312,0.0,0.1308,0.092,0.0154,0.023,0.0039,0.0037
2019-02-22,0.7311,0.0,0.1306,0.0919,0.0156,0.0242,0.0027,0.0039
2019-02-23,0.7306,0.0,0.1308,0.0915,0.0156,0.0243,0.0025,0.0047
2019-02-24,0.7302,0.0,0.1312,0.0908,0.0155,0.0245,0.0022,0.0056
2019-02-25,0.7301,0.0,0.131,0.0912,0.0152,0.0246,0.002,0.0059
2019-02-26,0.7301,0.0,0.1311,0.0913,0.0161,0.0235,0.0021,0.0058
2019-02-27,0.7301,0.0,0.1311,0.0914,0.0167,0.0228,0.0022,0.0057
2019-02-28,0.7301,0.0,0.1312,0.0912,0.0169,0.0227,0.0052,0.0027
2019-03-01,0.73,0.0,0.1315,0.0909,0.0173,0.0224,0.0055,0.0024
2019-03-02,0.73,0.0,0.1318,0.0906,0.0175,0.0225,0.006,0.0016
2019-03-03,0.7298,0.0,0.1322,0.0911,0.0166,0.0227,0.0069,0.0007
2019-03-04,0.7298,0.0,0.1324,0.0911,0.0164,0.023,0.0069,0.0004
2019-03-05,0.7298,0.0,0.1324,0.0911,0.0164,0.023,0.0069,0.0004
2019-03-06,0.7297,0.0,0.1324,0.0911,0.0166,0.0229,0.0068,0.0005
2019-03-07,0.7293,0.0,0.1561,0.0674,0.018,0.0215,0.0069,0.0008
2019-03-08,0.7293,0.0,0.1829,0.0406,0.0185,0.021,0.007,0.0007
2019-03-09,0.7293,0.0,0.183,0.0405,0.0194,0.0204,0.0067,0.0007
2019-03-10,0.7293,0.0,0.183,0.0405,0.0197,0.0202,0.0068,0.0005
2019-03-11,0.7293,0.0,0.183,0.0405,0.0197,0.0203,0.0067,0.0005
2019-03-12,0.7293,0.0,0.1831,0.0404,0.0198,0.0201,0.0067,0.0006
2019-03-13,0.7293,0.0,0.1831,0.0411,0.0192,0.02,0.0068,0.0005
2019-03-14,0.7293,0.0,0.1832,0.041,0.0191,0.02,0.0071,0.0003
2019-03-15,0.7293,0.0,0.183,0.041,0.0225,0.0167,0.0068,0.0007
2019-03-16,0.7291,0.0,0.183,0.0411,0.0223,0.0167,0.0068,0.001
2019-03-17,0.729,0.0,0.1831,0.0408,0.0224,0.0167,0.0066,0.0014
2019-03-18,0.729,0.0,0.1832,0.0408,0.0234,0.0156,0.0066,0.0014
2019-03-19,0.729,0.0,0.1833,0.0408,0.0236,0.0154,0.0066,0.0013
2019-03-20,0.729,0.0,0.1835,0.0406,0.0238,0.0153,0.0065,0.0013
2019-03-21,0.7289,0.0,0.1835,0.0404,0.024,0.0179,0.0036,0.0017
2019-03-22,0.7287,0.0,0.1837,0.0404,0.0245,0.0175,0.0036,0.0016
2019-03-23,0.7285,0.0,0.1839,0.0405,0.0242,0.0182,0.0031,0.0016
2019-03-24,0.7285,0.0,0.184,0.0409,0.0257,0.0172,0.0025,0.0012
2019-03-25,0.728,0.0,0.184,0.0408,0.0258,0.0174,0.0022,0.0018
2019-03-26,0.7279,0.0,0.1839,0.0406,0.0264,0.0168,0.0022,0.0022
2019-03-27,0.7278,0.0,0.1839,0.0406,0.0264,0.0168,0.0022,0.0023
2019-03-28,0.7275,0.0,0.1839,0.0406,0.0263,0.0167,0.0028,0.0022
2019-03-29,0.7271,0.0,0.1836,0.0406,0.0266,0.0162,0.003,0.0029
2019-03-30,0.7268,0.0,0.1835,0.0406,0.0268,0.016,0.0033,0.003
2019-03-31,0.7263,0.0,0.1836,0.0405,0.0273,0.0157,0.0031,0.0035
2019-04-01,0.7262,0.0,0.1837,0.0404,0.0278,0.0151,0.0037,0.0031
2019-04-02,0.7261,0.0,0.1841,0.0401,0.0277,0.0151,0.0041,0.0028
2019-04-03,0.7261,0.0,0.1846,0.0408,0.0265,0.0151,0.0041,0.0028
2019-04-04,0.7261,0.0,0.1871,0.0383,0.0264,0.0155,0.0041,0.0025
2019-04-05,0.726,0.0,0.1871,0.0386,0.0263,0.0153,0.0052,0.0015
2019-04-06,0.7256,0.0,0.1872,0.0386,0.0265,0.015,0.0056,0.0015
2019-04-07,0.7249,0.0,0.1872,0.0385,0.0264,0.0148,0.0061,0.0021
2019-04-08,0.7243,0.0,0.1871,0.0383,0.0264,0.0147,0.0063,0.0029
2019-04-09,0.7242,0.0,0.1871,0.0385,0.0271,0.0138,0.0063,0.003
2019-04-10,0.7242,0.0,0.1869,0.0385,0.0275,0.0134,0.0064,0.0031
2019-04-11,0.7241,0.0,0.187,0.0384,0.0277,0.0134,0.0063,0.0031
2019-04-12,0.7239,0.0,0.187,0.0393,0.0269,0.0136,0.006,0.0033
2019-04-13,0.7239,0.0,0.187,0.0403,0.0259,0.0138,0.0061,0.003
2019-04-14,0.7229,0.0,0.1872,0.0401,0.0259,0.0142,0.0067,0.003
2019-04-15,0.7226,0.0,0.1872,0.0403,0.0258,0.0141,0.0077,0.0023
2019-04-16,0.7226,0.0,0.1872,0.0402,0.0258,0.0141,0.0079,0.0022
2019-04-17,0.7226,0.0,0.1872,0.0402,0.0256,0.0141,0.0081,0.0022
2019-04-18,0.7226,0.0,0.1875,0.0399,0.0257,0.0145,0.0076,0.0022
2019-04-19,0.7221,0.0,0.1875,0.04,0.0258,0.0146,0.0076,0.0024
2019-04-20,0.7221,0.0,0.1878,0.0397,0.0259,0.0148,0.0074,0.0023
2019-04-21,0.7213,0.0,0.1881,0.0397,0.0261,0.0143,0.0085,0.002
2019-04-22,0.7208,0.0,0.1885,0.0393,0.0266,0.0144,0.0082,0.0022
2019-04-23,0.7207,0.0,0.1882,0.0393,0.0265,0.0146,0.0079,0.0028
2019-04-24,0.7206,0.0,0.189,0.0394,0.0259,0.0144,0.008,0.0027
2019-04-25,0.7206,0.0,0.189,0.0394,0.0259,0.0146,0.0077,0.0028
2019-04-26,0.7206,0.0,0.189,0.0394,0.0272,0.0143,0.007,0.0025
2019-04-27,0.7206,0.0,0.189,0.0397,0.0271,0.0145,0.006,0.0031
2019-04-28,0.7206,0.0,0.1891,0.0396,0.0276,0.0145,0.0063,0.0023
2019-04-29,0.7204,0.0,0.1891,0.0402,0.0272,0.0145,0.0066,0.002
2019-04-30,0.7182,0.0,0.1889,0.0401,0.0258,0.0142,0.0072,0.0056
2019-05-01,0.7182,0.0,0.1891,0.0399,0.0258,0.0142,0.0073,0.0055
2019-05-02,0.7182,0.0,0.1894,0.0397,0.0258,0.0142,0.0074,0.0053
2019-05-03,0.7182,0.0,0.1894,0.0397,0.0259,0.0142,0.0075,0.0051
2019-05-04,0.718,0.0,0.1894,0.0397,0.0262,0.0143,0.0077,0.0047
2019-05-05,0.7179,0.0,0.1888,0.0398,0.0261,0.0151,0.0067,0.0056
2019-05-06,0.7179,0.0,0.1889,0.0396,0.0264,0.0152,0.0063,0.0057
2019-05-07,0.7112,0.0,0.1905,0.0371,0.0253,0.0153,0.0106,0.01
2019-05-08,0.7106,0.0,0.1905,0.0371,0.0252,0.0154,0.0104,0.0108
2019-05-09,0.7095,0.0,0.1899,0.0372,0.0248,0.0155,0.0103,0.0128
2019-05-10,0.709,0.0,0.1898,0.0373,0.0246,0.0158,0.01,0.0135
2019-05-11,0.7021,0.0,0.1883,0.0373,0.0249,0.0156,0.0101,0.0217
2019-05-12,0.7021,0.0,0.1882,0.0373,0.025,0.0166,0.0099,0.0209
2019-05-13,0.7021,0.0,0.1882,0.0373,0.0251,0.0168,0.0096,0.0209
2019-05-14,0.7019,0.0,0.188,0.0374,0.025,0.0169,0.0183,0.0125
2019-05-15,0.7018,0.0,0.188,0.0376,0.0248,0.0171,0.0189,0.0118
2019-05-16,0.7018,0.0,0.188,0.0377,0.0247,0.0171,0.0209,0.0098
2019-05-17,0.7017,0.0,0.1881,0.0376,0.0249,0.0174,0.0207,0.0096
2019-05-18,0.7017,0.0,0.188,0.0376,0.0249,0.0173,0.0289,0.0016
2019-05-19,0.7011,0.0,0.188,0.0375,0.025,0.0179,0.0281,0.0024
2019-05-20,0.7007,0.0,0.188,0.0377,0.0246,0.0183,0.0276,0.0031
2019-05-21,0.7007,0.0,0.188,0.0379,0.0245,0.0189,0.0273,0.0027
2019-05-22,0.7007,0.0,0.188,0.0393,0.0231,0.0188,0.0273,0.0028
2019-05-23,0.7002,0.0,0.1879,0.0393,0.026,0.0159,0.0272,0.0035
2019-05-24,0.6989,0.0,0.1877,0.0394,0.0259,0.0159,0.0274,0.0048
2019-05-25,0.6985,0.0,0.1881,0.039,0.0266,0.0152,0.0268,0.0058
2019-05-26,0.6985,0.0,0.1886,0.0387,0.0273,0.0143,0.0277,0.0049
2019-05-27,0.6983,0.0,0.1887,0.0386,0.0275,0.014,0.0283,0.0046
2019-05-28,0.6982,0.0,0.1911,0.0372,0.0265,0.0184,0.0238,0.0048
2019-05-29,0.6982,0.0,0.192,0.0366,0.0262,0.0184,0.024,0.0046
2019-05-30,0.6982,0.0,0.1929,0.0359,0.026,0.0184,0.0248,0.0038
2019-05-31,0.6979,0.0,0.1939,0.0352,0.0256,0.0183,0.0266,0.0025
2019-06-01,0.6979,0.0,0.1941,0.035,0.0254,0.0183,0.028,0.0013
2019-06-02,0.6979,0.0,0.1941,0.035,0.0256,0.0189,0.0173,0.0112
2019-06-03,0.6979,0.0,0.1942,0.0349,0.0256,0.0189,0.0177,0.0108
2019-06-04,0.6978,0.0,0.1942,0.0349,0.0256,0.027,0.0098,0.0107
2019-06-05,0.6975,0.0,0.1942,0.0351,0.0254,0.0276,0.0091,0.0111
2019-06-06,0.6974,0.0,0.1856,0.0357,0.0249,0.0276,0.0082,0.0206
2019-06-07,0.6964,0.0,0.1857,0.0357,0.0247,0.0281,0.0082,0.0212
2019-06-08,0.6961,0.0,0.1909,0.0314,0.0238,0.028,0.0083,0.0215
2019-06-09,0.696,0.0,0.1909,0.0316,0.0236,0.0281,0.0181,0.0117
2019-06-10,0.696,0.0,0.1911,0.0314,0.0236,0.028,0.0181,0.0118
2019-06-11,0.6959,0.0,0.1914,0.0312,0.0236,0.0283,0.0178,0.0118
2019-06-12,0.6955,0.0,0.1941,0.0286,0.0234,0.0284,0.0181,0.0119
2019-06-13,0.6953,0.0,0.194,0.0286,0.0235,0.0283,0.0275,0.0028
2019-06-14,0.6953,0.0,0.194,0.0317,0.0207,0.0284,0.0281,0.0018
2019-06-15,0.6948,0.0,0.1939,0.0316,0.021,0.0284,0.028,0.0023
2019-06-16,0.6948,0.0,0.1939,0.0317,0.0213,0.0289,0.0272,0.0022
2019-06-17,0.6947,0.0,0.1959,0.0303,0.0202,0.0292,0.0269,0.0028
2019-06-18,0.6947,0.0,0.1959,0.0305,0.0199,0.0292,0.027,0.0028
2019-06-19,0.6945,0.0,0.1959,0.0306,0.0198,0.0292,0.0276,0.0024
2019-06-20,0.6944,0.0,0.1959,0.0307,0.0203,0.0294,0.0272,0.0021
2019-06-21,0.6901,0.0,0.1953,0.0314,0.0198,0.0309,0.0248,0.0077
2019-06-22,0.6851,0.0006,0.1945,0.0314,0.0199,0.0319,0.0242,0.0124
2019-06-23,0.6851,0.0019,0.1933,0.033,0.018,0.0319,0.0242,0.0126
2019-06-24,0.685,0.0026,0.1926,0.0331,0.0185,0.0317,0.0244,0.0121
2019-06-25,0.685,0.005,0.1902,0.0337,0.0183,0.0315,0.024,0.0123
2019-06-26,0.685,0.0074,0.1878,0.0337,0.0184,0.0314,0.0243,0.012
2019-06-27,0.685,0.0112,0.184,0.0337,0.0186,0.0312,0.0245,0.0118
2019-06-28,0.685,0.0122,0.1831,0.0338,0.0193,0.0307,0.0292,0.0067
2019-06-29,0.6847,0.0141,0.1811,0.034,0.0194,0.0304,0.0345,0.0018
2019-06-30,0.6847,0.0151,0.1817,0.0329,0.0194,0.0397,0.0251,0.0014
2019-07-01,0.6847,0.0167,0.1801,0.0332,0.0193,0.0395,0.0252,0.0013
2019-07-02,0.6847,0.0203,0.1765,0.0332,0.0194,0.0394,0.0256,0.0009
2019-07-03,0.6847,0.0245,0.1723,0.0333,0.0193,0.0398,0.0252,0.0009
2019-07-04,0.6847,0.0258,0.1712,0.0331,0.0194,0.0486,0.0162,0.001
2019-07-05,0.6847,0.0275,0.1695,0.0333,0.0193,0.0496,0.0153,0.0008
2019-07-06,0.6845,0.0317,0.1652,0.0336,0.0192,0.0497,0.0155,0.0006
2019-07-07,0.6841,0.0333,0.1636,0.0336,0.02,0.0489,0.0155,0.001
2019-07-08,0.684,0.0346,0.1623,0.0336,0.0204,0.0486,0.0154,0.0011
2019-07-09,0.6837,0.0369,0.16,0.0342,0.02,0.0485,0.0154,0.0013
2019-07-10,0.6837,0.0385,0.1585,0.0342,0.02,0.0488,0.0149,0.0014
2019-07-11,0.6837,0.039,0.1579,0.0344,0.0199,0.049,0.0147,0.0014
2019-07-12,0.6837,0.0407,0.1562,0.0346,0.0198,0.0488,0.0145,0.0017
2019-07-13,0.6836,0.0408,0.1561,0.0347,0.0198,0.0494,0.0141,0.0015
2019-07-14,0.6832,0.0411,0.1558,0.0347,0.0206,0.0485,0.0145,0.0016
2019-07-15,0.6832,0.0415,0.1554,0.0348,0.0207,0.0489,0.014,0.0015
2019-07-16,0.6832,0.0418,0.1551,0.0348,0.0208,0.0489,0.0142,0.0012
2019-07-17,0.6822,0.0469,0.1501,0.0344,0.021,0.049,0.014,0.0024
2019-07-18,0.682,0.0474,0.1497,0.0344,0.021,0.0491,0.0139,0.0025
2019-07-19,0.6819,0.0478,0.1493,0.0346,0.0213,0.0538,0.009,0.0023
2019-07-20,0.6813,0.0489,0.1482,0.0347,0.0212,0.0593,0.0037,0.0027
2019-07-21,0.681,0.0513,0.1458,0.0351,0.0216,0.0589,0.0038,0.0025
2019-07-22,0.681,0.0516,0.1455,0.0354,0.0217,0.0586,0.0036,0.0026
2019-07-23,0.6806,0.0528,0.1444,0.0353,0.0222,0.0583,0.0034,0.003
2019-07-24,0.6806,0.053,0.1442,0.0356,0.022,0.0582,0.0047,0.0017
2019-07-25,0.6795,0.053,0.1443,0.0357,0.022,0.058,0.0049,0.0026
2019-07-26,0.6795,0.0531,0.1446,0.0367,0.0208,0.058,0.0048,0.0025
2019-07-27,0.6795,0.0532,0.1445,0.0369,0.0206,0.0586,0.0047,0.002
2019-07-28,0.6795,0.0536,0.144,0.0373,0.0202,0.0582,0.005,0.0022
2019-07-29,0.6795,0.0543,0.1433,0.0375,0.0199,0.0581,0.0051,0.0023
2019-07-30,0.6795,0.0543,0.1432,0.0375,0.0242,0.0532,0.0054,0.0027
2019-07-31,0.6795,0.0543,0.1434,0.0373,0.0242,0.0532,0.0054,0.0027
2019-08-01,0.6791,0.0543,0.1434,0.0374,0.0241,0.0533,0.0064,0.002
2019-08-02,0.6791,0.0556,0.1421,0.0374,0.024,0.0533,0.0064,0.0021
2019-08-03,0.679,0.0558,0.142,0.0376,0.0237,0.0537,0.0061,0.0021
2019-08-04,0.6789,0.0558,0.142,0.0378,0.0243,0.0533,0.0058,0.0021
2019-08-05,0.6789,0.0558,0.142,0.0381,0.024,0.0534,0.006,0.0018
2019-08-06,0.6789,0.0558,0.142,0.0381,0.032,0.0457,0.0068,0.0007
2019-08-07,0.6787,0.0558,0.1423,0.0379,0.0323,0.0454,0.0066,0.001
2019-08-08,0.6786,0.0561,0.1419,0.0379,0.0326,0.0452,0.0069,0.0008
2019-08-09,0.6786,0.0562,0.1418,0.0379,0.0331,0.045,0.0067,0.0007
2019-08-10,0.6772,0.0564,0.1417,0.038,0.033,0.0449,0.0066,0.0022
2019-08-11,0.6767,0.0569,0.1412,0.038,0.033,0.0453,0.0062,0.0027
2019-08-12,0.6763,0.0572,0.1407,0.0381,0.0329,0.0453,0.0062,0.0033
2019-08-13,0.6754,0.0575,0.1405,0.038,0.0333,0.0449,0.0062,0.0042
2019-08-14,0.675,0.0577,0.1404,0.0379,0.0334,0.0461,0.0052,0.0043
2019-08-15,0.675,0.0578,0.1419,0.0363,0.0335,0.0461,0.0051,0.0043
2019-08-16,0.675,0.0578,0.142,0.0364,0.0338,0.0457,0.005,0.0043
2019-08-17,0.675,0.0578,0.142,0.0364,0.0342,0.0458,0.0054,0.0034
2019-08-18,0.675,0.0579,0.1421,0.0364,0.0349,0.0452,0.0057,0.0028
2019-08-19,0.675,0.0579,0.1421,0.0364,0.0352,0.045,0.0062,0.0022
2019-08-20,0.675,0.0584,0.1416,0.0365,0.0351,0.0454,0.0067,0.0013
2019-08-21,0.675,0.0585,0.1415,0.0366,0.035,0.0454,0.0071,0.0009
2019-08-22,0.675,0.0586,0.1417,0.0394,0.0327,0.0449,0.0068,0.0009
2019-08-23,0.6747,0.0587,0.1416,0.0395,0.0344,0.0431,0.0068,0.0012
2019-08-24,0.6747,0.0588,0.1415,0.0402,0.0351,0.0418,0.0074,0.0005
2019-08-25,0.6747,0.0589,0.1414,0.0411,0.0342,0.0418,0.0074,0.0005
2019-08-26,0.6747,0.0589,0.1418,0.041,0.0343,0.0417,0.0071,0.0005
2019-08-27,0.6747,0.0596,0.1413,0.0408,0.0345,0.0426,0.006,0.0005
2019-08-28,0.6744,0.0597,0.1413,0.0407,0.0345,0.0426,0.006,0.0008
2019-08-29,0.6744,0.0597,0.1413,0.0407,0.0345,0.043,0.0056,0.0008
2019-08-30,0.6744,0.0598,0.1412,0.0408,0.0349,0.0426,0.0059,0.0004
2019-08-31,0.6744,0.0603,0.1407,0.0408,0.0351,0.0425,0.0058,0.0004
2019-09-01,0.6744,0.0605,0.1413,0.0402,0.0446,0.0328,0.0058,0.0004
2019-09-02,0.6743,0.0606,0.1414,0.04,0.0446,0.0328,0.0058,0.0005
2019-09-03,0.6682,0.0608,0.1411,0.0399,0.0446,0.0327,0.0058,0.0069
2019-09-04,0.6673,0.0607,0.1411,0.04,0.0449,0.0326,0.0058,0.0076
2019-09-05,0.6661,0.0608,0.1409,0.0403,0.0533,0.024,0.0057,0.0089
2019-09-06,0.6661,0.0608,0.1409,0.0403,0.0544,0.0229,0.0057,0.0089
2019-09-07,0.6661,0.0609,0.1408,0.0403,0.0547,0.0242,0.0041,0.0089
2019-09-08,0.6661,0.0609,0.1408,0.0403,0.0547,0.0248,0.0036,0.0088
2019-09-09,0.6638,0.061,0.1404,0.0403,0.0548,0.0252,0.0027,0.0118
2019-09-10,0.6619,0.0612,0.1402,0.0404,0.0548,0.0259,0.008,0.0076
2019-09-11,0.6599,0.0613,0.1408,0.0397,0.0551,0.026,0.0086,0.0086
2019-09-12,0.6594,0.0613,0.1408,0.0398,0.0553,0.0258,0.0098,0.0078
2019-09-13,0.6579,0.0612,0.1408,0.0402,0.055,0.0257,0.0099,0.0093
2019-09-14,0.6578,0.0612,0.141,0.0403,0.0555,0.0248,0.0097,0.0097
2019-09-15,0.6503,0.0612,0.1406,0.0407,0.055,0.0248,0.0095,0.0179
2019-09-16,0.6423,0.0613,0.1405,0.0406,0.0556,0.0242,0.0125,0.023
2019-09-17,0.6404,0.0615,0.1404,0.0405,0.0557,0.0239,0.0145,0.0231
2019-09-18,0.6376,0.0616,0.1402,0.0405,0.0558,0.0235,0.0164,0.0244
2019-09-19,0.6364,0.0619,0.1399,0.0411,0.0554,0.0233,0.0169,0.0251
2019-09-20,0.6364,0.0622,0.1397,0.0412,0.0594,0.0195,0.0182,0.0234
2019-09-21,0.6364,0.0622,0.1401,0.041,0.0644,0.0143,0.0185,0.0231
2019-09-22,0.6364,0.0625,0.1403,0.0405,0.0648,0.014,0.0266,0.0149
2019-09-23,0.6364,0.0627,0.1401,0.0411,0.0643,0.0139,0.0348,0.0067
2019-09-24,0.6364,0.0627,0.1401,0.0415,0.064,0.0138,0.0368,0.0047
2019-09-25,0.6364,0.0627,0.1399,0.0416,0.0638,0.0141,0.04,0.0015
2019-09-26,0.6364,0.0629,0.1397,0.0417,0.0635,0.0141,0.0412,0.0005
2019-09-27,0.6364,0.063,0.1397,0.0423,0.0629,0.014,0.0412,0.0005
2019-09-28,0.6362,0.0635,0.1392,0.0426,0.063,0.0133,0.0411,0.0011
2019-09-29,0.6327,0.0639,0.1388,0.0431,0.0625,0.0134,0.0409,0.0047
2019-09-30,0.6327,0.0639,0.1389,0.0432,0.0623,0.0134,0.0408,0.0048
2019-10-01,0.6327,0.066,0.1369,0.0432,0.0623,0.0191,0.035,0.0048
2019-10-02,0.6327,0.066,0.1382,0.0419,0.0622,0.02,0.0344,0.0046
2019-10-03,0.6324,0.0661,0.1382,0.0419,0.0622,0.0212,0.0333,0.0047
2019-10-04,0.6324,0.0661,0.1384,0.0417,0.0621,0.0214,0.0331,0.0048
2019-10-05,0.6275,0.0661,0.1385,0.0415,0.0625,0.021,0.0337,0.0092
2019-10-06,0.6275,0.0661,0.1386,0.0422,0.0621,0.0206,0.0373,0.0056
2019-10-07,0.6275,0.0662,0.1385,0.0426,0.0618,0.0236,0.0343,0.0055
2019-10-08,0.6275,0.0663,0.1386,0.0426,0.0619,0.0253,0.0323,0.0055
2019-10-09,0.6275,0.0663,0.1386,0.0428,0.0617,0.0272,0.0304,0.0055
2019-10-10,0.6275,0.0665,0.1384,0.0429,0.0617,0.0275,0.0302,0.0053
2019-10-11,0.6275,0.0665,0.1393,0.0423,0.0616,0.029,0.0286,0.0052
2019-10-12,0.6275,0.0668,0.14,0.0414,0.0617,0.0291,0.0333,0.0002
2019-10-13,0.6274,0.0672,0.1396,0.0421,0.0613,0.0365,0.0252,0.0007
2019-10-14,0.6273,0.0673,0.1396,0.0422,0.0611,0.0445,0.0169,0.0011
2019-10-15,0.6273,0.0673,0.1396,0.0423,0.061,0.0465,0.0148,0.0012
2019-10-16,0.6272,0.0673,0.1396,0.0425,0.0621,0.0486,0.0114,0.0013
2019-10-17,0.6272,0.0673,0.1396,0.0426,0.0622,0.0496,0.0103,0.0012
2019-10-18,0.6272,0.0673,0.1391,0.0426,0.0618,0.0495,0.0103,0.0022
2019-10-19,0.6272,0.0673,0.1391,0.0426,0.0623,0.0489,0.0103,0.0023
2019-10-20,0.6272,0.0674,0.1393,0.0427,0.0621,0.0487,0.0108,0.0018
2019-10-21,0.6272,0.0674,0.1393,0.0431,0.0618,0.0486,0.0112,0.0014
2019-10-22,0.6272,0.0674,0.1393,0.0436,0.0617,0.0482,0.0113,0.0013
2019-10-23,0.6272,0.0674,0.1401,0.0429,0.0616,0.0485,0.0112,0.0011
2019-10-24,0.6272,0.0675,0.1401,0.043,0.0618,0.0482,0.0109,0.0013
2019-10-25,0.6272,0.0679,0.1397,0.0431,0.0616,0.0482,0.0118,0.0005
2019-10-26,0.6272,0.0681,0.1398,0.0427,0.0617,0.0487,0.0112,0.0006
2019-10-27,0.6272,0.0687,0.1392,0.0427,0.0617,0.0523,0.0074,0.0008
2019-10-28,0.6272,0.0687,0.1396,0.0423,0.062,0.0521,0.0073,0.0008
2019-10-29,0.6272,0.0689,0.1396,0.0466,0.0582,0.0514,0.0073,0.0008
2019-10-30,0.6272,0.0693,0.1392,0.0466,0.0582,0.0515,0.0072,0.0008
2019-10-31,0.6272,0.0694,0.1392,0.0465,0.0586,0.0514,0.007,0.0007
2019-11-01,0.6272,0.0695,0.139,0.0465,0.0587,0.0514,0.0071,0.0006
2019-11-02,0.6272,0.0695,0.1387,0.0465,0.0588,0.0555,0.0031,0.0007
2019-11-03,0.6272,0.0695,0.1389,0.0468,0.0583,0.0548,0.0033,0.0012
2019-11-04,0.6272,0.0695,0.1389,0.0468,0.0583,0.0546,0.0033,0.0014
2019-11-05,0.6272,0.0695,0.1387,0.0547,0.0504,0.0545,0.0033,0.0017
2019-11-06,0.6272,0.0696,0.1387,0.0549,0.0503,0.0543,0.0032,0.0018
2019-11-07,0.6272,0.0696,0.139,0.0549,0.0501,0.0543,0.0032,0.0017
2019-11-08,0.6272,0.0698,0.1389,0.0553,0.0496,0.0541,0.0033,0.0018
2019-11-09,0.6272,0.0698,0.1389,0.0554,0.0511,0.0524,0.0036,0.0016
2019-11-10,0.6272,0.0698,0.1389,0.0555,0.0516,0.0522,0.0037,0.0011
2019-11-11,0.6272,0.0699,0.1388,0.0555,0.0522,0.0519,0.0035,0.001
2019-11-12,0.6272,0.0701,0.1387,0.0558,0.0526,0.0511,0.0037,0.0008
2019-11-13,0.6272,0.0701,0.1389,0.0557,0.0528,0.051,0.0036,0.0007
2019-11-14,0.6272,0.0703,0.1385,0.0555,0.0528,0.0509,0.0036,0.0012
2019-11-15,0.6272,0.0703,0.1385,0.056,0.0523,0.0519,0.0028,0.001
2019-11-16,0.6272,0.0703,0.1385,0.0564,0.0519,0.052,0.0028,0.0009
2019-11-17,0.6272,0.0703,0.1386,0.0572,0.0511,0.0519,0.003,0.0007
2019-11-18,0.6272,0.0703,0.1389,0.0571,0.0508,0.0518,0.0031,0.0008
2019-11-19,0.6272,0.0705,0.1389,0.0569,0.0508,0.0518,0.0032,0.0007
2019-11-20,0.6272,0.0706,0.1402,0.0555,0.0508,0.0518,0.0032,0.0007
2019-11-21,0.6272,0.0711,0.1398,0.0562,0.0499,0.052,0.0035,0.0003
2019-11-22,0.6272,0.0712,0.1399,0.0578,0.0485,0.0516,0.0033,0.0005
2019-11-23,0.6272,0.0713,0.1398,0.0592,0.0471,0.0516,0.0031,0.0007
2019-11-24,0.6272,0.0714,0.1399,0.059,0.0471,0.0488,0.0028,0.0038
2019-11-25,0.6272,0.0719,0.1395,0.0593,0.0467,0.0488,0.003,0.0036
2019-11-26,0.6272,0.0721,0.1402,0.0586,0.0464,0.0487,0.003,0.0038
2019-11-27,0.6272,0.0726,0.14,0.0583,0.0467,0.0484,0.003,0.0038
2019-11-28,0.6271,0.0728,0.14,0.0581,0.0465,0.0485,0.0029,0.0041
2019-11-29,0.6271,0.0729,0.1402,0.0583,0.046,0.0486,0.003,0.0039
2019-11-30,0.6271,0.073,0.1403,0.0583,0.0457,0.0489,0.0028,0.0039
2019-12-01,0.6271,0.073,0.1403,0.0681,0.036,0.0494,0.0053,0.0008
2019-12-02,0.6271,0.0751,0.1382,0.0681,0.0361,0.0494,0.0053,0.0007
2019-12-03,0.627,0.0768,0.1365,0.0682,0.0415,0.0441,0.0053,0.0006
2019-12-04,0.627,0.0779,0.1356,0.0684,0.0418,0.0435,0.0052,0.0006
2019-12-05,0.627,0.0785,0.1357,0.0763,0.0343,0.0422,0.0055,0.0005
2019-12-06,0.627,0.0786,0.1357,0.0772,0.0334,0.0421,0.0053,0.0007
2019-12-07,0.627,0.0793,0.1359,0.0766,0.0331,0.0422,0.0053,0.0006
2019-12-08,0.627,0.0793,0.1361,0.0764,0.0331,0.0424,0.0051,0.0006
2019-12-09,0.627,0.0796,0.1356,0.0763,0.0359,0.0393,0.0048,0.0015
2019-12-10,0.6269,0.0802,0.1349,0.0763,0.0377,0.0373,0.0049,0.0018
2019-12-11,0.6269,0.0806,0.1345,0.0764,0.0392,0.0353,0.0049,0.0022
2019-12-12,0.6269,0.0822,0.1329,0.0767,0.0394,0.0352,0.0045,0.0022
2019-12-13,0.6269,0.0836,0.1347,0.0736,0.041,0.0335,0.0047,0.002
2019-12-14,0.6269,0.0844,0.1339,0.0744,0.0405,0.0332,0.0047,0.002
2019-12-15,0.6269,0.0846,0.1338,0.0743,0.0486,0.0251,0.0047,0.002
2019-12-16,0.6269,0.0851,0.1343,0.0739,0.0554,0.0178,0.0053,0.0013
2019-12-17,0.6269,0.0854,0.1343,0.0737,0.0573,0.0158,0.0058,0.0008
2019-12-18,0.6269,0.0861,0.1335,0.0739,0.059,0.0123,0.0061,0.0022
2019-12-19,0.6269,0.0861,0.1335,0.074,0.06,0.0108,0.0062,0.0025
2019-12-20,0.6269,0.0866,0.1337,0.0766,0.0567,0.011,0.006,0.0025
2019-12-21,0.6269,0.0871,0.1333,0.0814,0.0516,0.0111,0.0059,0.0027
2019-12-22,0.6269,0.0873,0.135,0.0798,0.0508,0.0139,0.0031,0.0032
2019-12-23,0.6267,0.0874,0.135,0.0798,0.0504,0.0139,0.0031,0.0037
2019-12-24,0.6267,0.0874,0.1356,0.0792,0.0502,0.0142,0.0029,0.0038
2019-12-25,0.6267,0.0876,0.1354,0.0791,0.0505,0.0139,0.0043,0.0025
2019-12-26,0.6267,0.0878,0.1352,0.0791,0.0507,0.0138,0.0048,0.0019
2019-12-27,0.6267,0.0886,0.1347,0.0788,0.0505,0.0138,0.0048,0.0021
2019-12-28,0.6266,0.0892,0.1342,0.0792,0.0504,0.0134,0.0049,0.0021
2019-12-29,0.6265,0.0893,0.134,0.0786,0.0537,0.01,0.0054,0.0025
2019-12-30,0.6265,0.0892,0.134,0.0783,0.0538,0.0099,0.0059,0.0024
2019-12-31,0.6264,0.0899,0.1327,0.078,0.053,0.0101,0.006,0.0039
2020-01-01,0.6264,0.0905,0.1321,0.0778,0.0522,0.01,0.006,0.005
2020-01-02,0.6258,0.0907,0.1317,0.0767,0.0517,0.0098,0.0057,0.0079
2020-01-03,0.6252,0.0906,0.1319,0.0762,0.0517,0.0098,0.0056,0.009
2020-01-04,0.6246,0.0901,0.1321,0.0757,0.0514,0.0096,0.0058,0.0107
2020-01-05,0.6219,0.0891,0.1318,0.0751,0.0496,0.0096,0.0069,0.016
2020-01-06,0.6214,0.0899,0.131,0.0749,0.0492,0.0104,0.0065,0.0167
2020-01-07,0.6212,0.0899,0.1314,0.0739,0.049,0.0109,0.0071,0.0166
2020-01-08,0.62,0.0899,0.1307,0.0725,0.048,0.0111,0.0077,0.0201
2020-01-09,0.6193,0.0903,0.1303,0.0724,0.0478,0.011,0.0106,0.0183
2020-01-10,0.6192,0.0909,0.1297,0.0724,0.0475,0.011,0.0117,0.0176
2020-01-11,0.6188,0.0911,0.1291,0.0721,0.0472,0.0109,0.0135,0.0173
2020-01-12,0.6188,0.092,0.1282,0.0724,0.0472,0.0104,0.0197,0.0113
2020-01-13,0.6188,0.0943,0.126,0.0718,0.0474,0.0102,0.0209,0.0106
2020-01-14,0.6186,0.095,0.125,0.0718,0.0474,0.0103,0.0215,0.0104
2020-01-15,0.6185,0.0962,0.1237,0.073,0.046,0.0113,0.0252,0.0061
2020-01-16,0.6181,0.0964,0.1235,0.073,0.0458,0.0119,0.0259,0.0054
2020-01-17,0.617,0.0967,0.1232,0.0723,0.0465,0.0108,0.0244,0.0091
2020-01-18,0.6165,0.0971,0.1226,0.0724,0.0463,0.0109,0.0256,0.0086
2020-01-19,0.6152,0.0995,0.1203,0.0723,0.0462,0.0111,0.0256,0.0098
2020-01-20,0.6151,0.0995,0.1205,0.072,0.0461,0.0113,0.0256,0.0099
2020-01-21,0.615,0.0999,0.1201,0.0723,0.0456,0.0117,0.026,0.0094
2020-01-22,0.6149,0.1005,0.1196,0.0719,0.0456,0.0119,0.0264,0.0092
2020-01-23,0.6148,0.1006,0.1197,0.0721,0.0451,0.0119,0.027,0.0088
2020-01-24,0.6148,0.1007,0.1206,0.0707,0.0451,0.0119,0.0311,0.0051
2020-01-25,0.6148,0.1013,0.12,0.0707,0.0452,0.012,0.0321,0.0039
2020-01-26,0.6135,0.0994,0.1204,0.0703,0.0453,0.013,0.0327,0.0054
2020-01-27,0.6133,0.0993,0.1205,0.0702,0.0452,0.0134,0.0329,0.0052
2020-01-28,0.6133,0.1,0.1198,0.0706,0.0448,0.0138,0.0327,0.005
2020-01-29,0.6133,0.1,0.1198,0.0706,0.0448,0.0151,0.0318,0.0046
2020-01-30,0.6133,0.0999,0.1199,0.0706,0.0447,0.0175,0.0296,0.0045
2020-01-31,0.6133,0.0999,0.1198,0.0706,0.0447,0.0185,0.0287,0.0045
2020-02-01,0.6133,0.1001,0.1199,0.0704,0.0448,0.0202,0.0268,0.0045
2020-02-02,0.6133,0.1002,0.12,0.0703,0.0453,0.0252,0.0242,0.0015
2020-02-03,0.6132,0.1004,0.12,0.07,0.0454,0.0261,0.0235,0.0014
2020-02-04,0.6132,0.1004,0.1198,0.0699,0.0454,0.0267,0.0229,0.0017
2020-02-05,0.6132,0.1004,0.1199,0.0699,0.0452,0.0306,0.019,0.0018
2020-02-06,0.6132,0.1005,0.1198,0.07,0.0451,0.0315,0.0183,0.0016
2020-02-07,0.6132,0.1006,0.1197,0.07,0.0453,0.0316,0.018,0.0016
2020-02-08,0.6131,0.1007,0.1195,0.0708,0.0443,0.0331,0.0161,0.0024
2020-02-09,0.6131,0.1008,0.1193,0.0713,0.0437,0.0333,0.0157,0.0028
2020-02-10,0.613,0.101,0.119,0.0712,0.0438,0.0335,0.0152,0.0033
2020-02-11,0.6129,0.101,0.1188,0.0718,0.0433,0.0341,0.0148,0.0033
2020-02-12,0.6128,0.101,0.1188,0.0721,0.043,0.0345,0.0144,0.0034
2020-02-13,0.6128,0.101,0.1188,0.0722,0.0432,0.0347,0.0138,0.0035
2020-02-14,0.6128,0.101,0.1189,0.0719,0.0432,0.0386,0.0102,0.0034
2020-02-15,0.6128,0.1011,0.1188,0.0719,0.0432,0.0398,0.0098,0.0026
2020-02-16,0.6128,0.1012,0.1189,0.0718,0.0431,0.0413,0.0088,0.0021
2020-02-17,0.6123,0.1011,0.1185,0.0716,0.0433,0.0415,0.0089,0.0028
2020-02-18,0.6123,0.1011,0.1185,0.0715,0.0433,0.0417,0.0092,0.0024
2020-02-19,0.6123,0.1012,0.1185,0.0713,0.0433,0.0421,0.0091,0.0022
2020-02-20,0.6123,0.1014,0.1212,0.0684,0.0433,0.0423,0.009,0.0021
2020-02-21,0.6123,0.1015,0.1212,0.0686,0.0432,0.0421,0.0089,0.0022
2020-02-22,0.6123,0.1019,0.1215,0.0679,0.0432,0.0421,0.0089,0.0022
2020-02-23,0.6123,0.1026,0.1216,0.0672,0.0458,0.0426,0.0058,0.0021
2020-02-24,0.6123,0.1026,0.1218,0.0669,0.0459,0.0428,0.0069,0.0008
2020-02-25,0.6123,0.1027,0.1217,0.0669,0.0462,0.0425,0.007,0.0007
2020-02-26,0.6123,0.1026,0.1217,0.067,0.0459,0.0426,0.0069,0.001
2020-02-27,0.6123,0.1028,0.1215,0.067,0.0458,0.0426,0.0069,0.0011
2020-02-28,0.6123,0.1031,0.1213,0.0669,0.0458,0.0429,0.0069,0.0008
2020-02-29,0.6122,0.1034,0.121,0.0669,0.0459,0.0425,0.0069,0.0012
2020-03-01,0.6121,0.1038,0.1208,0.0668,0.0458,0.0427,0.0067,0.0013
2020-03-02,0.6121,0.104,0.1206,0.0669,0.0457,0.043,0.0065,0.0012
2020-03-03,0.6121,0.104,0.1206,0.0685,0.0443,0.0432,0.0061,0.0012
2020-03-04,0.6121,0.104,0.1207,0.069,0.0431,0.0433,0.0064,0.0014
2020-03-05,0.6121,0.1277,0.0972,0.0698,0.0421,0.0432,0.0065,0.0014
2020-03-06,0.6121,0.1545,0.0704,0.07,0.042,0.0434,0.0062,0.0014
2020-03-07,0.612,0.1546,0.0703,0.07,0.042,0.0442,0.0057,0.0012
2020-03-08,0.612,0.1546,0.0703,0.07,0.0419,0.0448,0.0052,0.0012
2020-03-09,0.6119,0.1546,0.0703,0.0726,0.0401,0.0446,0.0046,0.0013
2020-03-10,0.6119,0.1547,0.0703,0.0742,0.0386,0.0445,0.0042,0.0016
2020-03-11,0.6119,0.1547,0.0703,0.0762,0.037,0.0443,0.0045,0.0011
2020-03-12,0.6119,0.1547,0.0704,0.0766,0.0365,0.0445,0.0045,0.0009
2020-03-13,0.6118,0.1547,0.0708,0.0779,0.0348,0.0447,0.0043,0.001
2020-03-14,0.6117,0.1548,0.0702,0.0779,0.0345,0.0447,0.0045,0.0017
2020-03-15,0.6115,0.1548,0.0706,0.0856,0.0264,0.0446,0.0046,0.0019
2020-03-16,0.6115,0.1549,0.0705,0.0911,0.021,0.0458,0.0033,0.0019
2020-03-17,0.6115,0.155,0.0704,0.0927,0.0194,0.0457,0.0035,0.0018
2020-03-18,0.6115,0.1552,0.0702,0.0961,0.0171,0.0447,0.0035,0.0017
2020-03-19,0.6115,0.1553,0.0705,0.0969,0.0165,0.0442,0.0034,0.0017
2020-03-20,0.6115,0.1553,0.0707,0.0967,0.0165,0.0445,0.0032,0.0016
2020-03-21,0.6115,0.1555,0.0706,0.0966,0.0167,0.0443,0.0041,0.0007
2020-03-22,0.6113,0.1556,0.0705,0.0966,0.0168,0.0442,0.0044,0.0006
2020-03-23,0.6113,0.1556,0.0709,0.096,0.0171,0.044,0.0044,0.0007
2020-03-24,0.6112,0.1557,0.0712,0.0956,0.0175,0.0436,0.0046,0.0006
2020-03-25,0.6112,0.1556,0.0713,0.0956,0.0176,0.0438,0.0042,0.0007
2020-03-26,0.6111,0.1557,0.0714,0.0955,0.0175,0.0439,0.004,0.0009
2020-03-27,0.6111,0.1556,0.0717,0.0951,0.0175,0.0439,0.0039,0.0012
2020-03-28,0.6111,0.1556,0.072,0.0953,0.0171,0.0442,0.0035,0.0012
2020-03-29,0.6111,0.1557,0.0724,0.0978,0.0152,0.0431,0.0036,0.0011
2020-03-30,0.6111,0.1559,0.0722,0.0979,0.0155,0.0426,0.0039,0.0009
2020-03-31,0.6111,0.1563,0.0718,0.0979,0.016,0.042,0.004,0.0009
2020-04-01,0.6111,0.1565,0.0716,0.098,0.0171,0.0414,0.0034,0.0009
2020-04-02,0.6111,0.1588,0.0693,0.0983,0.0192,0.0391,0.0035,0.0007
2020-04-03,0.6111,0.1588,0.0694,0.0983,0.0202,0.038,0.0038,0.0004
2020-04-04,0.6111,0.1589,0.0693,0.0985,0.0218,0.0363,0.0036,0.0005
2020-04-05,0.6111,0.1591,0.0698,0.0978,0.0269,0.0313,0.0036,0.0004
2020-04-06,0.6111,0.1593,0.0699,0.0975,0.0278,0.0306,0.0035,0.0003
2020-04-07,0.6111,0.1594,0.0699,0.0973,0.0284,0.0303,0.0033,0.0003
2020-04-08,0.6111,0.1594,0.0701,0.0972,0.0318,0.0269,0.0031,0.0004
2020-04-09,0.6111,0.1595,0.07,0.0973,0.0326,0.0259,0.0032,0.0004
2020-04-10,0.6111,0.1595,0.0703,0.097,0.0331,0.0255,0.003,0.0005
2020-04-11,0.611,0.1595,0.0704,0.0969,0.0348,0.0246,0.0022,0.0006
2020-04-12,0.611,0.1597,0.0708,0.0963,0.0353,0.0244,0.0019,0.0006
2020-04-13,0.611,0.1597,0.071,0.0964,0.0352,0.0244,0.0017,0.0006
2020-04-14,0.6107,0.1598,0.071,0.0962,0.0358,0.0238,0.0016,0.0011
2020-04-15,0.6107,0.1598,0.0712,0.0962,0.036,0.0234,0.0016,0.0011
2020-04-16,0.6107,0.16,0.0711,0.0961,0.0366,0.0228,0.0018,0.0009
2020-04-17,0.6107,0.16,0.0715,0.0965,0.0393,0.0193,0.0019,0.0008
2020-04-18,0.6007,0.159,0.0712,0.0966,0.0403,0.0182,0.0021,0.0119
2020-04-19,0.6007,0.1593,0.0713,0.0962,0.0417,0.017,0.0019,0.0119
2020-04-20,0.6007,0.1595,0.0714,0.0958,0.0423,0.0166,0.0017,0.012
2020-04-21,0.6007,0.1595,0.0718,0.0954,0.0425,0.0165,0.0022,0.0114
2020-04-22,0.6007,0.1603,0.071,0.0953,0.0428,0.0162,0.0022,0.0115
2020-04-23,0.6006,0.1603,0.0712,0.0952,0.043,0.016,0.002,0.0117
2020-04-24,0.6005,0.1604,0.0713,0.095,0.043,0.016,0.0017,0.0121
2020-04-25,0.6005,0.1604,0.0713,0.0951,0.0426,0.016,0.0122,0.0019
2020-04-26,0.5995,0.1604,0.0713,0.0952,0.0457,0.0129,0.0124,0.0026
2020-04-27,0.5989,0.1599,0.0711,0.095,0.0456,0.0127,0.0125,0.0043
2020-04-28,0.5986,0.1597,0.0755,0.0905,0.0455,0.0127,0.0119,0.0056
2020-04-29,0.5983,0.1599,0.0753,0.0905,0.0455,0.0126,0.0116,0.0063
2020-04-30,0.5981,0.1601,0.0749,0.0904,0.0455,0.0126,0.0116,0.0068
2020-05-01,0.598,0.1601,0.0749,0.0905,0.0456,0.0124,0.012,0.0065
2020-05-02,0.598,0.1601,0.0749,0.0907,0.0454,0.0125,0.0123,0.0061
2020-05-03,0.598,0.1603,0.0748,0.0911,0.0447,0.0122,0.013,0.0059
2020-05-04,0.5979,0.1603,0.0744,0.0909,0.0448,0.0118,0.0149,0.005
2020-05-05,0.5979,0.1621,0.0802,0.0832,0.0451,0.0114,0.0159,0.0042
2020-05-06,0.5975,0.162,0.0804,0.083,0.045,0.0113,0.0169,0.0039
2020-05-07,0.5975,0.1621,0.0806,0.0827,0.0451,0.0114,0.0172,0.0034
2020-05-08,0.5974,0.1621,0.0809,0.0824,0.0451,0.0112,0.0175,0.0034
2020-05-09,0.5972,0.1621,0.081,0.0823,0.0458,0.0106,0.0169,0.0041
2020-05-10,0.5967,0.1621,0.0808,0.0822,0.0457,0.0101,0.0171,0.0053
2020-05-11,0.5965,0.1619,0.0804,0.0821,0.0458,0.0094,0.018,0.0059
2020-05-12,0.5965,0.1619,0.0807,0.0818,0.0459,0.0095,0.0173,0.0064
2020-05-13,0.5965,0.1618,0.0808,0.0815,0.0462,0.0091,0.0178,0.0063
2020-05-14,0.5963,0.1618,0.0809,0.0815,0.0463,0.0089,0.0178,0.0065
2020-05-15,0.5947,0.161,0.0811,0.0808,0.0456,0.0086,0.0183,0.0099
2020-05-16,0.5942,0.1608,0.0812,0.0802,0.0453,0.0161,0.0115,0.0107
2020-05-17,0.5936,0.1609,0.0818,0.079,0.0447,0.0164,0.0127,0.0109
2020-05-18,0.5925,0.1608,0.082,0.0787,0.0448,0.0147,0.0142,0.0123
2020-05-19,0.5922,0.1606,0.082,0.0786,0.0447,0.0145,0.0145,0.0129
2020-05-20,0.5913,0.1607,0.0817,0.0786,0.0444,0.0143,0.0148,0.0142
2020-05-21,0.5901,0.1604,0.0822,0.0777,0.0441,0.0142,0.0148,0.0165
2020-05-22,0.5896,0.1602,0.0838,0.076,0.0438,0.0142,0.0184,0.014
2020-05-23,0.5854,0.1597,0.0835,0.0745,0.043,0.0133,0.0191,0.0215
2020-05-24,0.5849,0.1597,0.083,0.0761,0.0403,0.014,0.02,0.022
2020-05-25,0.5842,0.1596,0.0828,0.0748,0.0402,0.0146,0.021,0.0228
2020-05-26,0.5832,0.1617,0.0809,0.0745,0.0399,0.0151,0.0206,0.0241
2020-05-27,0.5816,0.1618,0.0797,0.0742,0.0396,0.0142,0.021,0.0279
2020-05-28,0.5796,0.1619,0.0784,0.0735,0.0391,0.014,0.0225,0.031
2020-05-29,0.5795,0.1629,0.0771,0.073,0.0389,0.0143,0.0233,0.031
2020-05-30,0.5792,0.1631,0.0769,0.073,0.0389,0.0136,0.0315,0.0238
2020-05-31,0.5792,0.1631,0.0867,0.0632,0.039,0.0138,0.0325,0.0225
2020-06-01,0.5792,0.1632,0.0866,0.0632,0.039,0.0147,0.0357,0.0184
2020-06-02,0.5789,0.1631,0.0867,0.0631,0.0387,0.0148,0.0378,0.0169
2020-06-03,0.5788,0.1631,0.087,0.0626,0.0393,0.0147,0.0419,0.0126
2020-06-04,0.5786,0.1633,0.0955,0.054,0.0392,0.0146,0.0482,0.0066
2020-06-05,0.5786,0.1635,0.0963,0.0531,0.0391,0.0157,0.0489,0.0048
2020-06-06,0.5786,0.1687,0.0914,0.0528,0.0393,0.0163,0.0492,0.0037
2020-06-07,0.5784,0.1686,0.0914,0.0528,0.0394,0.0174,0.048,0.004
2020-06-08,0.5784,0.1688,0.0913,0.0534,0.0387,0.0182,0.0472,0.004
2020-06-09,0.5784,0.1689,0.0912,0.0539,0.0383,0.0184,0.0478,0.0031
2020-06-10,0.5784,0.1711,0.089,0.0543,0.0379,0.0188,0.0491,0.0014
2020-06-11,0.5784,0.1711,0.0892,0.0541,0.0379,0.0191,0.0492,0.001
2020-06-12,0.5784,0.1712,0.0892,0.054,0.0379,0.0226,0.0453,0.0014
2020-06-13,0.5782,0.1713,0.0896,0.0535,0.038,0.0235,0.0439,0.002
2020-06-14,0.578,0.1713,0.0896,0.0535,0.0379,0.025,0.0424,0.0023
2020-06-15,0.578,0.1734,0.088,0.0531,0.038,0.028,0.0394,0.0021
2020-06-16,0.578,0.1735,0.088,0.0532,0.0379,0.0282,0.039,0.0022
2020-06-17,0.578,0.1735,0.0883,0.0539,0.0369,0.0296,0.0377,0.0021
2020-06-18,0.5779,0.1735,0.0885,0.0542,0.0363,0.0318,0.034,0.0038
2020-06-19,0.5779,0.1735,0.089,0.0537,0.0363,0.033,0.0331,0.0035
2020-06-20,0.5776,0.1736,0.0899,0.0528,0.0361,0.0408,0.0258,0.0034
2020-06-21,0.5774,0.1739,0.0897,0.0528,0.0362,0.0418,0.0253,0.0029
2020-06-22,0.5774,0.1739,0.0898,0.0529,0.0361,0.0447,0.0221,0.0031
2020-06-23,0.5774,0.1739,0.0897,0.0532,0.0357,0.0465,0.02,0.0036
2020-06-24,0.5772,0.1739,0.0892,0.0532,0.0356,0.0516,0.0147,0.0046
2020-06-25,0.5772,0.1739,0.0892,0.0533,0.0357,0.057,0.0106,0.0031
2020-06-26,0.5771,0.174,0.0892,0.0531,0.0358,0.0585,0.009,0.0033
2020-06-27,0.5767,0.174,0.0898,0.0526,0.0357,0.0595,0.0082,0.0035
2020-06-28,0.5763,0.1756,0.0882,0.0537,0.0347,0.0595,0.0086,0.0034
2020-06-29,0.5761,0.1755,0.0882,0.054,0.0344,0.0595,0.0086,0.0037
2020-06-30,0.576,0.1755,0.0883,0.0542,0.034,0.0603,0.0083,0.0034
2020-07-01,0.5758,0.1755,0.0883,0.0554,0.0328,0.0621,0.0076,0.0025
2020-07-02,0.5758,0.1757,0.0881,0.0572,0.031,0.0623,0.0071,0.0028
2020-07-03,0.5758,0.1757,0.0879,0.0577,0.0298,0.0594,0.0074,0.0063
2020-07-04,0.5757,0.1757,0.0882,0.0584,0.0286,0.0593,0.0078,0.0063
2020-07-05,0.5757,0.1757,0.0885,0.0622,0.0243,0.0594,0.0077,0.0065
2020-07-06,0.5757,0.1757,0.0885,0.0626,0.0238,0.0593,0.0084,0.006
2020-07-07,0.5756,0.1757,0.0885,0.063,0.0234,0.0592,0.0087,0.0059
2020-07-08,0.5756,0.1758,0.0885,0.0641,0.0222,0.0593,0.0087,0.0058
2020-07-09,0.5756,0.1758,0.0886,0.0644,0.022,0.0592,0.0089,0.0055
2020-07-10,0.5756,0.1758,0.0888,0.0645,0.0216,0.0593,0.0122,0.0022
2020-07-11,0.5756,0.1758,0.0889,0.0655,0.0205,0.0595,0.0121,0.0021
2020-07-12,0.5756,0.1757,0.0892,0.0653,0.0203,0.0603,0.0116,0.002
2020-07-13,0.5755,0.1757,0.0892,0.0654,0.0202,0.0602,0.0119,0.0019
2020-07-14,0.5754,0.1757,0.0892,0.0656,0.0204,0.0599,0.012,0.0018
2020-07-15,0.5754,0.1757,0.0905,0.0646,0.0201,0.0597,0.0122,0.0018
2020-07-16,0.5754,0.1758,0.0905,0.0649,0.0196,0.0609,0.0108,0.0021
2020-07-17,0.5754,0.1758,0.0904,0.0678,0.0167,0.061,0.0111,0.0018
2020-07-18,0.5754,0.1758,0.0906,0.0683,0.0182,0.0589,0.0112,0.0016
2020-07-19,0.5754,0.1758,0.0906,0.0694,0.0174,0.0591,0.011,0.0013
2020-07-20,0.5754,0.1758,0.0907,0.0696,0.0173,0.0591,0.0109,0.0012
2020-07-21,0.5754,0.1759,0.0905,0.0698,0.0171,0.0596,0.0105,0.0012
2020-07-22,0.5754,0.1759,0.0905,0.0701,0.017,0.0605,0.0097,0.0009
2020-07-23,0.5752,0.176,0.0906,0.07,0.0168,0.0604,0.0101,0.0009
2020-07-24,0.5752,0.1762,0.0904,0.0701,0.0171,0.0601,0.0099,0.001
2020-07-25,0.5752,0.1762,0.0903,0.0701,0.0175,0.0601,0.0097,0.0009
2020-07-26,0.5751,0.1762,0.0903,0.0731,0.0152,0.0597,0.0094,0.001
2020-07-27,0.5751,0.1762,0.0904,0.0731,0.0165,0.0589,0.0088,0.001
2020-07-28,0.5751,0.1762,0.0906,0.0729,0.0175,0.0582,0.0086,0.0009
2020-07-29,0.5751,0.1764,0.0904,0.073,0.0183,0.0572,0.0083,0.0013
2020-07-30,0.5751,0.1764,0.0906,0.0729,0.0185,0.0569,0.0082,0.0014
2020-07-31,0.5751,0.1765,0.0906,0.073,0.0188,0.0593,0.0048,0.0019
2020-08-01,0.5749,0.1765,0.0906,0.0729,0.0187,0.0594,0.0044,0.0026
2020-08-02,0.5747,0.1765,0.0907,0.073,0.0187,0.0595,0.0041,0.0028
2020-08-03,0.5745,0.1765,0.0907,0.0731,0.0193,0.0589,0.0039,0.0031
2020-08-04,0.5745,0.1765,0.0907,0.0735,0.019,0.0588,0.0037,0.0033
2020-08-05,0.5742,0.1766,0.0907,0.0734,0.0194,0.0582,0.0038,0.0037
2020-08-06,0.5741,0.1766,0.0907,0.0734,0.0193,0.058,0.0043,0.0036
2020-08-07,0.5741,0.1766,0.0907,0.0737,0.0201,0.0571,0.0045,0.0032
2020-08-08,0.5739,0.1767,0.0913,0.0735,0.0204,0.056,0.0048,0.0034
2020-08-09,0.5739,0.1767,0.0919,0.0733,0.0213,0.055,0.0048,0.0031
2020-08-10,0.5739,0.1767,0.0919,0.0739,0.0216,0.054,0.0051,0.0029
2020-08-11,0.5739,0.1768,0.0921,0.0738,0.0216,0.0539,0.0052,0.0027
2020-08-12,0.5739,0.1769,0.0922,0.0739,0.0218,0.0537,0.0056,0.002
2020-08-13,0.5738,0.1778,0.0914,0.074,0.0219,0.0537,0.0057,0.0017
2020-08-14,0.5738,0.1779,0.0913,0.0742,0.025,0.0505,0.0061,0.0012
2020-08-15,0.5736,0.1779,0.0913,0.0742,0.0256,0.05,0.0067,0.0007
2020-08-16,0.5736,0.1781,0.0912,0.0741,0.0272,0.0483,0.0067,0.0008
2020-08-17,0.5734,0.1781,0.0911,0.0754,0.029,0.0452,0.0067,0.0011
2020-08-18,0.5732,0.1781,0.0911,0.0755,0.0293,0.0449,0.0066,0.0013
2020-08-19,0.5729,0.1781,0.0911,0.0755,0.0301,0.0441,0.0066,0.0016
2020-08-20,0.5729,0.1783,0.0909,0.0756,0.032,0.0425,0.0064,0.0014
2020-08-21,0.5728,0.1783,0.0912,0.0755,0.0328,0.0416,0.0063,0.0015
2020-08-22,0.5728,0.1783,0.0912,0.0755,0.0373,0.0371,0.0065,0.0013
2020-08-23,0.5725,0.1782,0.0913,0.0754,0.0385,0.0359,0.0065,0.0017
2020-08-24,0.572,0.1782,0.0911,0.0756,0.0409,0.0331,0.0068,0.0023
2020-08-25,0.5718,0.1784,0.0909,0.0756,0.043,0.0309,0.007,0.0024
2020-08-26,0.5715,0.1785,0.0908,0.0758,0.0471,0.0264,0.0069,0.003
2020-08-27,0.5705,0.1784,0.0908,0.0754,0.0519,0.0219,0.0064,0.0047
2020-08-28,0.5704,0.1784,0.0908,0.0754,0.0534,0.021,0.0059,0.0047
2020-08-29,0.5702,0.1784,0.0908,0.0758,0.0539,0.0205,0.0054,0.005
2020-08-30,0.57,0.1787,0.0905,0.0757,0.054,0.0207,0.0056,0.0048
2020-08-31,0.57,0.1789,0.0903,0.0756,0.0542,0.0209,0.0061,0.004
2020-09-01,0.5698,0.1789,0.0909,0.075,0.0549,0.0201,0.0062,0.0042
2020-09-02,0.5698,0.1789,0.0913,0.0752,0.056,0.019,0.0063,0.0035
2020-09-03,0.5697,0.1789,0.0924,0.0742,0.0564,0.019,0.0076,0.0018
2020-09-04,0.5696,0.1788,0.0926,0.074,0.0564,0.0195,0.0072,0.0019
2020-09-05,0.5695,0.1788,0.0926,0.0742,0.0562,0.0202,0.0069,0.0016
2020-09-06,0.5695,0.1788,0.0926,0.0743,0.0564,0.0199,0.0072,0.0013
2020-09-07,0.569,0.1787,0.0951,0.0716,0.0555,0.0197,0.007,0.0034
2020-09-08,0.5686,0.1787,0.097,0.0694,0.0554,0.0194,0.0076,0.0039
2020-09-09,0.5686,0.1792,0.0985,0.0672,0.0553,0.0191,0.0076,0.0045
2020-09-10,0.5685,0.1792,0.0985,0.0667,0.0547,0.0189,0.0074,0.0061
2020-09-11,0.5683,0.1792,0.1,0.0645,0.0543,0.0183,0.0075,0.0079
2020-09-12,0.5656,0.1788,0.099,0.0609,0.0524,0.0159,0.0072,0.0202
2020-09-13,0.565,0.1785,0.1061,0.0528,0.0524,0.0147,0.0069,0.0236
2020-09-14,0.5625,0.1779,0.1103,0.0479,0.0512,0.0148,0.0087,0.0267
2020-09-15,0.5589,0.1772,0.1111,0.0458,0.0458,0.0142,0.0089,0.0381
2020-09-16,0.5476,0.1765,0.1128,0.0423,0.0431,0.0138,0.0085,0.0554
2020-09-17,0.5368,0.1765,0.1136,0.0412,0.0436,0.0127,0.0098,0.0658
2020-09-18,0.5368,0.1766,0.1135,0.0411,0.0436,0.0127,0.0111,0.0646
2020-09-19,0.5365,0.1768,0.113,0.0409,0.043,0.0122,0.0192,0.0584
2020-09-20,0.5365,0.1773,0.1125,0.0409,0.0429,0.0121,0.0222,0.0556
2020-09-21,0.5363,0.1767,0.1123,0.041,0.0419,0.0125,0.025,0.0543
2020-09-22,0.5362,0.1767,0.1122,0.041,0.0419,0.0124,0.0349,0.0447
2020-09-23,0.536,0.1764,0.112,0.0409,0.0423,0.0123,0.0535,0.0266
2020-09-24,0.5359,0.1762,0.1118,0.0408,0.0418,0.0136,0.0643,0.0156
2020-09-25,0.5347,0.1758,0.1114,0.0397,0.0402,0.0131,0.0566,0.0285
2020-09-26,0.5342,0.1758,0.1113,0.0386,0.0398,0.0128,0.0563,0.0312
2020-09-27,0.5336,0.1758,0.1134,0.0356,0.0395,0.0124,0.0515,0.0382
2020-09-28,0.5328,0.1758,0.1125,0.0351,0.0396,0.0117,0.0481,0.0444
2020-09-29,0.5302,0.1748,0.1034,0.0303,0.0366,0.0116,0.0407,0.0724
2020-09-30,0.53,0.1749,0.1026,0.0302,0.0362,0.0115,0.0405,0.0741
2020-10-01,0.5299,0.1745,0.1023,0.0298,0.0363,0.0111,0.0404,0.0757
2020-10-02,0.527,0.1747,0.1021,0.0296,0.0366,0.0111,0.0476,0.0713
2020-10-03,0.527,0.1743,0.1023,0.0293,0.0369,0.0107,0.0527,0.0668
2020-10-04,0.5264,0.1732,0.102,0.0291,0.0368,0.0105,0.0595,0.0625
2020-10-05,0.5262,0.171,0.102,0.029,0.0365,0.012,0.0656,0.0577
2020-10-06,0.5257,0.1701,0.1017,0.0287,0.0364,0.0121,0.0829,0.0424
2020-10-07,0.5255,0.1694,0.1017,0.0287,0.0367,0.012,0.089,0.037
2020-10-08,0.5252,0.168,0.1013,0.0286,0.0365,0.0128,0.0919,0.0357
2020-10-09,0.5243,0.1677,0.1008,0.0285,0.0367,0.0136,0.094,0.0344
2020-10-10,0.5242,0.168,0.0997,0.0287,0.0366,0.0176,0.0908,0.0344
2020-10-11,0.5242,0.1677,0.0997,0.0287,0.0368,0.0199,0.0915,0.0315
2020-10-12,0.524,0.1676,0.0985,0.0285,0.0365,0.0222,0.1006,0.0221
2020-10-13,0.5238,0.1676,0.0986,0.0286,0.0363,0.0272,0.0983,0.0196
2020-10-14,0.5237,0.1673,0.0988,0.0284,0.0363,0.0335,0.0925,0.0195
2020-10-15,0.5237,0.1671,0.0988,0.0284,0.0364,0.0373,0.0915,0.0168
2020-10-16,0.5235,0.1672,0.0987,0.0281,0.0363,0.0371,0.0933,0.0158
2020-10-17,0.5235,0.167,0.0986,0.0281,0.0362,0.038,0.0934,0.0152
2020-10-18,0.5234,0.1672,0.0982,0.0281,0.0361,0.0388,0.0936,0.0146
2020-10-19,0.5234,0.1672,0.0981,0.0281,0.0355,0.0398,0.0949,0.013
2020-10-20,0.5234,0.1671,0.0981,0.0281,0.0356,0.0402,0.095,0.0125
2020-10-21,0.5234,0.1676,0.0972,0.0282,0.0355,0.0416,0.0944,0.0121
2020-10-22,0.5232,0.1675,0.0972,0.0282,0.0358,0.042,0.0933,0.0128
2020-10-23,0.5231,0.1675,0.0971,0.0286,0.0355,0.0496,0.088,0.0106
2020-10-24,0.5231,0.1678,0.0969,0.0287,0.0354,0.0541,0.0842,0.0098
2020-10-25,0.523,0.1678,0.0968,0.0288,0.0352,0.0606,0.0786,0.0092
2020-10-26,0.5229,0.168,0.0965,0.0297,0.0344,0.0675,0.0723,0.0087
2020-10-27,0.5228,0.1681,0.0964,0.0306,0.0335,0.0838,0.0568,0.008
2020-10-28,0.5228,0.1681,0.0964,0.0315,0.0328,0.0891,0.0524,0.0069
2020-10-29,0.5228,0.1682,0.0964,0.0317,0.033,0.0922,0.0498,0.0059
2020-10-30,0.5228,0.1682,0.0963,0.0319,0.0332,0.096,0.0456,0.006
2020-10-31,0.5228,0.1682,0.0963,0.0318,0.0336,0.0972,0.0446,0.0055
2020-11-01,0.5202,0.1683,0.0963,0.0318,0.0337,0.0996,0.0425,0.0076
2020-11-02,0.5201,0.1683,0.0963,0.0324,0.0333,0.1109,0.0322,0.0065
2020-11-03,0.5201,0.1683,0.0963,0.0325,0.0331,0.1144,0.029,0.0063
2020-11-04,0.5201,0.1684,0.0962,0.0328,0.0332,0.1153,0.0279,0.0061
2020-11-05,0.5201,0.1687,0.0959,0.0328,0.0335,0.117,0.0258,0.0062
2020-11-06,0.5201,0.1688,0.096,0.0336,0.0327,0.1195,0.0231,0.0062
2020-11-07,0.5201,0.1688,0.096,0.034,0.0326,0.1213,0.021,0.0062
2020-11-08,0.5201,0.1688,0.096,0.034,0.0322,0.1224,0.0224,0.0041
2020-11-09,0.5201,0.1688,0.0961,0.0345,0.0313,0.1248,0.0197,0.0047
2020-11-10,0.52,0.1688,0.096,0.0346,0.0311,0.1264,0.0181,0.005
2020-11-11,0.52,0.169,0.0958,0.0349,0.0308,0.1258,0.017,0.0067
2020-11-12,0.52,0.1691,0.0957,0.0349,0.0308,0.1257,0.0183,0.0055
2020-11-13,0.52,0.1691,0.0957,0.0362,0.0295,0.128,0.0163,0.0052
2020-11-14,0.52,0.1689,0.0957,0.0366,0.0292,0.1285,0.0157,0.0054
2020-11-15,0.5199,0.169,0.0956,0.0378,0.0281,0.1294,0.0138,0.0064
2020-11-16,0.5198,0.169,0.0957,0.0405,0.0254,0.1307,0.0129,0.006
2020-11-17,0.5197,0.1691,0.0956,0.0408,0.0252,0.1312,0.0128,0.0056
2020-11-18,0.5196,0.1696,0.095,0.0414,0.0247,0.1313,0.0139,0.0045
2020-11-19,0.5196,0.1696,0.0949,0.042,0.024,0.132,0.0133,0.0046
2020-11-20,0.5195,0.1697,0.095,0.0425,0.0234,0.1319,0.0131,0.0049
2020-11-21,0.5195,0.1694,0.095,0.0447,0.0211,0.1323,0.0126,0.0054
2020-11-22,0.5195,0.1696,0.095,0.0452,0.0206,0.1327,0.0129,0.0045
2020-11-23,0.5195,0.1696,0.095,0.0465,0.0197,0.1332,0.0128,0.0037
2020-11-24,0.5194,0.1704,0.0943,0.0471,0.0189,0.1333,0.0126,0.004
2020-11-25,0.5194,0.1706,0.094,0.0499,0.0163,0.1321,0.0131,0.0046
2020-11-26,0.5192,0.1708,0.0939,0.0521,0.0153,0.1305,0.0135,0.0047
2020-11-27,0.5192,0.1711,0.0936,0.0525,0.0148,0.1308,0.0138,0.0042
2020-11-28,0.5191,0.1712,0.0936,0.053,0.0143,0.1309,0.0143,0.0036
2020-11-29,0.5191,0.1712,0.0936,0.053,0.0146,0.1334,0.0115,0.0036
2020-11-30,0.5191,0.1712,0.0936,0.0531,0.0146,0.1333,0.0115,0.0036
2020-12-01,0.5191,0.171,0.0936,0.0535,0.0143,0.133,0.012,0.0035
2020-12-02,0.5191,0.1712,0.0934,0.0547,0.0131,0.1332,0.0132,0.0021
2020-12-03,0.5191,0.172,0.0927,0.0548,0.0129,0.1333,0.0132,0.002
2020-12-04,0.5191,0.1722,0.0926,0.0547,0.0132,0.1336,0.0128,0.0018
2020-12-05,0.5191,0.173,0.0918,0.0547,0.0133,0.1331,0.0126,0.0024
2020-12-06,0.5191,0.1731,0.0917,0.0548,0.0132,0.1331,0.012,0.003
2020-12-07,0.519,0.173,0.0924,0.0541,0.0148,0.132,0.0117,0.003
2020-12-08,0.519,0.1731,0.0927,0.0537,0.0152,0.132,0.0117,0.0026
2020-12-09,0.519,0.1732,0.093,0.0534,0.0153,0.1336,0.0098,0.0027
2020-12-10,0.519,0.1732,0.093,0.0534,0.0158,0.1332,0.0097,0.0027
2020-12-11,0.519,0.176,0.0902,0.0536,0.0165,0.1326,0.0093,0.0028
2020-12-12,0.519,0.1755,0.0902,0.0536,0.0201,0.1292,0.0097,0.0027
2020-12-13,0.5189,0.1755,0.0902,0.0539,0.022,0.1276,0.0095,0.0024
2020-12-14,0.5189,0.1765,0.0893,0.0538,0.024,0.1244,0.0088,0.0043
2020-12-15,0.5188,0.1768,0.0892,0.0536,0.0289,0.119,0.0084,0.0053
2020-12-16,0.5188,0.1769,0.0898,0.0529,0.0349,0.1135,0.0078,0.0054
2020-12-17,0.5188,0.177,0.0902,0.053,0.0381,0.1096,0.0072,0.0061
2020-12-18,0.5188,0.1775,0.0896,0.0531,0.0382,0.11,0.0072,0.0056
2020-12-19,0.5188,0.1774,0.0897,0.0529,0.0391,0.1095,0.005,0.0076
2020-12-20,0.5188,0.1786,0.0886,0.0529,0.0397,0.1088,0.0054,0.0072
2020-12-21,0.5187,0.1787,0.0887,0.0527,0.0411,0.1075,0.0074,0.0052
2020-12-22,0.5187,0.1791,0.0886,0.0525,0.0412,0.1069,0.008,0.005
2020-12-23,0.5183,0.179,0.0886,0.0523,0.042,0.1029,0.0072,0.0097
2020-12-24,0.5181,0.1788,0.0887,0.0521,0.0426,0.1016,0.0073,0.0108
2020-12-25,0.5179,0.1787,0.0885,0.0521,0.0492,0.0944,0.0069,0.0123
2020-12-26,0.5178,0.1785,0.0886,0.0522,0.0515,0.0911,0.0075,0.0128
2020-12-27,0.5175,0.1782,0.0893,0.0512,0.0573,0.084,0.0074,0.0151
2020-12-28,0.5173,0.1782,0.0895,0.0514,0.0621,0.0771,0.0069,0.0175
2020-12-29,0.5172,0.178,0.0896,0.0513,0.0766,0.0628,0.0075,0.017
2020-12-30,0.5169,0.1777,0.0906,0.0501,0.0793,0.0572,0.0128,0.0154
2020-12-31,0.5163,0.1776,0.0911,0.0495,0.0825,0.054,0.0141,0.0149
2021-01-01,0.5151,0.1778,0.0913,0.0481,0.0855,0.0509,0.0151,0.0162
2021-01-02,0.515,0.1779,0.0919,0.0476,0.0865,0.0501,0.0155,0.0155
2021-01-03,0.515,0.1778,0.0922,0.0472,0.087,0.0483,0.0168,0.0157
2021-01-04,0.515,0.1778,0.0922,0.0472,0.0966,0.0384,0.0189,0.0139
2021-01-05,0.5147,0.1775,0.0921,0.0469,0.0994,0.0355,0.019,0.0149
2021-01-06,0.5145,0.1771,0.0927,0.0463,0.0994,0.0338,0.0228,0.0134
2021-01-07,0.5142,0.1768,0.093,0.0459,0.1003,0.0322,0.0245,0.0131
2021-01-08,0.5139,0.1764,0.0927,0.0454,0.1023,0.0292,0.0264,0.0137
2021-01-09,0.5137,0.1762,0.0935,0.0443,0.1036,0.0277,0.0263,0.0147
2021-01-10,0.5137,0.1761,0.0936,0.0442,0.1041,0.0268,0.0291,0.0124
2021-01-11,0.5137,0.176,0.0934,0.0442,0.1051,0.0261,0.0276,0.0139
2021-01-12,0.5135,0.1759,0.0935,0.0441,0.1059,0.0254,0.028,0.0137
2021-01-13,0.5129,0.1759,0.0937,0.0438,0.1066,0.0245,0.0299,0.0127
2021-01-14,0.511,0.1759,0.0939,0.0433,0.1062,0.0248,0.0295,0.0154
2021-01-15,0.5076,0.1759,0.0948,0.0424,0.1077,0.023,0.0316,0.017
2021-01-16,0.5073,0.1757,0.0951,0.0422,0.1082,0.023,0.0324,0.0161
2021-01-17,0.5071,0.1758,0.095,0.0422,0.1087,0.022,0.0335,0.0157
2021-01-18,0.5066,0.1758,0.0946,0.0418,0.1099,0.0204,0.0361,0.0148
2021-01-19,0.5063,0.1758,0.0948,0.0416,0.11,0.0211,0.0359,0.0145
2021-01-20,0.5063,0.176,0.0946,0.0415,0.1107,0.0243,0.0333,0.0133
2021-01-21,0.5062,0.176,0.0948,0.0415,0.1105,0.0255,0.0349,0.0106
2021-01-22,0.506,0.176,0.0944,0.0415,0.1102,0.0257,0.037,0.0092
2021-01-23,0.5058,0.176,0.0942,0.0416,0.1105,0.026,0.0368,0.0091
2021-01-24,0.5058,0.1761,0.0956,0.0397,0.1103,0.0266,0.0355,0.0104
2021-01-25,0.5054,0.176,0.0954,0.0397,0.1101,0.027,0.0345,0.0119
2021-01-26,0.5051,0.176,0.0954,0.0396,0.1085,0.0273,0.0347,0.0134
2021-01-27,0.5048,0.1757,0.0954,0.0395,0.1081,0.0302,0.0312,0.0151
2021-01-28,0.5035,0.1747,0.0954,0.0397,0.1055,0.0312,0.0293,0.0207
2021-01-29,0.5027,0.1736,0.0955,0.0398,0.1041,0.0325,0.0289,0.0229
2021-01-30,0.5023,0.1739,0.0952,0.0402,0.1034,0.0327,0.0289,0.0234
2021-01-31,0.4542,0.1738,0.0951,0.0401,0.1049,0.0325,0.0283,0.0711
2021-02-01,0.4306,0.1738,0.0948,0.0402,0.1044,0.0329,0.0308,0.0925
2021-02-02,0.429,0.1734,0.095,0.0398,0.102,0.0328,0.0326,0.0954
2021-02-03,0.4289,0.1728,0.0951,0.0399,0.1009,0.0347,0.0322,0.0955
2021-02-04,0.4282,0.172,0.0951,0.0398,0.1003,0.0355,0.0366,0.0925
2021-02-05,0.407,0.1714,0.0948,0.04,0.1,0.0367,0.0392,0.1109
2021-02-06,0.3926,0.1712,0.0949,0.04,0.0991,0.0375,0.0391,0.1256
2021-02-07,0.3897,0.1712,0.0953,0.0396,0.098,0.0375,0.0762,0.0925
2021-02-08,0.3896,0.1711,0.0957,0.0393,0.0976,0.0389,0.0945,0.0733
2021-02-09,0.3881,0.1701,0.0958,0.0392,0.0971,0.0392,0.097,0.0735
2021-02-10,0.386,0.1692,0.0957,0.0388,0.0962,0.04,0.0973,0.0768
2021-02-11,0.3859,0.1683,0.0958,0.0385,0.0963,0.0417,0.0966,0.0769
2021-02-12,0.385,0.1683,0.0955,0.0382,0.0964,0.0435,0.1142,0.0589
2021-02-13,0.3844,0.168,0.0954,0.0383,0.0964,0.044,0.1305,0.043
2021-02-14,0.3828,0.1662,0.0954,0.0382,0.0955,0.0435,0.1434,0.035
2021-02-15,0.3797,0.1625,0.0955,0.037,0.0872,0.0426,0.1397,0.0558
2021-02-16,0.3769,0.1606,0.0954,0.033,0.0843,0.0423,0.1422,0.0653
2021-02-17,0.3715,0.16,0.0952,0.0329,0.0829,0.042,0.1448,0.0707
2021-02-18,0.37,0.1619,0.0918,0.0321,0.0767,0.0409,0.1424,0.0842
2021-02-19,0.3616,0.1607,0.0912,0.0318,0.074,0.0402,0.1425,0.098
2021-02-20,0.3585,0.1598,0.0903,0.0317,0.0734,0.0398,0.1384,0.1081
2021-02-21,0.3573,0.1597,0.0892,0.0316,0.0726,0.0412,0.1475,0.1009
2021-02-22,0.3528,0.1562,0.0882,0.0301,0.0689,0.0422,0.1538,0.1078
2021-02-23,0.3474,0.1554,0.0872,0.0298,0.0673,0.0422,0.1637,0.107
2021-02-24,0.3459,0.1548,0.087,0.0294,0.0657,0.0434,0.1713,0.1025
2021-02-25,0.3436,0.1543,0.0868,0.0299,0.065,0.0458,0.1775,0.0971
2021-02-26,0.3424,0.1542,0.0865,0.0296,0.0622,0.0483,0.1873,0.0895
2021-02-27,0.3419,0.1539,0.0864,0.0296,0.0617,0.0487,0.1971,0.0807
2021-02-28,0.3413,0.1538,0.0863,0.0299,0.0612,0.0753,0.1757,0.0765
2021-03-01,0.3396,0.1533,0.0862,0.0295,0.061,0.0903,0.1847,0.0554
2021-03-02,0.3384,0.153,0.086,0.0296,0.0612,0.0903,0.1975,0.044
2021-03-03,0.3349,0.1524,0.0866,0.029,0.0612,0.0912,0.202,0.0427
2021-03-04,0.3341,0.1517,0.0865,0.0287,0.0608,0.0927,0.2055,0.04
2021-03-05,0.3323,0.1517,0.0865,0.0289,0.0603,0.1053,0.1909,0.0441
2021-03-06,0.3314,0.1514,0.0865,0.0289,0.059,0.113,0.1755,0.0543
2021-03-07,0.3309,0.1479,0.0854,0.0289,0.0584,0.1312,0.1597,0.0576
2021-03-08,0.3301,0.1479,0.0853,0.0299,0.0568,0.1316,0.1624,0.056
2021-03-09,0.3293,0.1477,0.0853,0.0301,0.0563,0.1335,0.1629,0.0549
2021-03-10,0.3286,0.1474,0.0853,0.0303,0.056,0.1353,0.1645,0.0526
2021-03-11,0.3282,0.1472,0.0852,0.0305,0.0554,0.1361,0.1671,0.0503
2021-03-12,0.3271,0.147,0.0844,0.0309,0.0545,0.1357,0.1668,0.0536
2021-03-13,0.3256,0.1466,0.0842,0.0324,0.0521,0.1334,0.1655,0.0602
2021-03-14,0.3249,0.1463,0.0839,0.0338,0.0507,0.1406,0.1671,0.0527
2021-03-15,0.3245,0.1352,0.0836,0.0339,0.0509,0.1478,0.1656,0.0585
2021-03-16,0.3232,0.1344,0.0836,0.0355,0.0492,0.157,0.156,0.0611
2021-03-17,0.3229,0.134,0.0835,0.038,0.0467,0.1628,0.1484,0.0637
2021-03-18,0.3218,0.1333,0.0826,0.0407,0.0444,0.1685,0.1415,0.0672
2021-03-19,0.3212,0.1324,0.0823,0.0407,0.0442,0.1767,0.1382,0.0643
2021-03-20,0.3115,0.1312,0.082,0.0414,0.0433,0.1855,0.1393,0.0658
2021-03-21,0.3092,0.1307,0.0819,0.042,0.0425,0.1897,0.1378,0.0662
2021-03-22,0.3078,0.1299,0.0814,0.043,0.0414,0.2092,0.1325,0.0548
2021-03-23,0.3068,0.1298,0.0811,0.0434,0.0413,0.2198,0.1274,0.0504
2021-03-24,0.3061,0.1275,0.0808,0.0441,0.0424,0.2229,0.1266,0.0496
2021-03-25,0.3055,0.1274,0.0809,0.044,0.0427,0.2259,0.1265,0.0471
2021-03-26,0.3043,0.1272,0.0808,0.0467,0.0401,0.2306,0.1264,0.0439
2021-03-27,0.3043,0.1273,0.0805,0.0477,0.0393,0.2332,0.1372,0.0305
2021-03-28,0.3041,0.1259,0.0802,0.0494,0.0381,0.2356,0.1373,0.0294
2021-03-29,0.3041,0.1243,0.0799,0.0506,0.0368,0.2368,0.1404,0.0271
2021-03-30,0.304,0.1236,0.0797,0.0543,0.0334,0.2396,0.1387,0.0267
2021-03-31,0.3037,0.1195,0.0796,0.057,0.0327,0.2398,0.1371,0.0306
2021-04-01,0.3035,0.119,0.0796,0.058,0.0323,0.2418,0.1365,0.0293
2021-04-02,0.3029,0.1183,0.0795,0.059,0.0326,0.2443,0.1353,0.0281
2021-04-03,0.3019,0.1181,0.0795,0.0594,0.0322,0.2469,0.1332,0.0288
2021-04-04,0.3014,0.1178,0.0794,0.0597,0.0337,0.2542,0.1265,0.0273
2021-04-05,0.2985,0.1173,0.0793,0.0609,0.0324,0.2617,0.1202,0.0297
2021-04-06,0.2962,0.1169,0.0791,0.0623,0.0308,0.2633,0.119,0.0324
2021-04-07,0.2954,0.1168,0.079,0.0621,0.0319,0.2638,0.1215,0.0295
2021-04-08,0.2949,0.1165,0.079,0.0626,0.0318,0.2648,0.1211,0.0293
2021-04-09,0.2933,0.1148,0.0787,0.063,0.0309,0.2668,0.1115,0.041
2021-04-10,0.2924,0.1144,0.0788,0.0636,0.0303,0.2728,0.1022,0.0455
2021-04-11,0.2909,0.1142,0.0785,0.0635,0.0305,0.276,0.0981,0.0483
2021-04-12,0.2896,0.1139,0.0784,0.0635,0.0303,0.2902,0.0871,0.047
2021-04-13,0.2866,0.1139,0.0783,0.0639,0.0293,0.2921,0.0863,0.0496
2021-04-14,0.2854,0.1136,0.0782,0.0636,0.0292,0.2946,0.0825,0.0529
2021-04-15,0.2847,0.1134,0.078,0.0638,0.0301,0.2967,0.0789,0.0544
2021-04-16,0.2844,0.1131,0.0778,0.0642,0.0315,0.2974,0.0837,0.0479
2021-04-17,0.284,0.1121,0.0774,0.0643,0.0313,0.3093,0.0762,0.0454
2021-04-18,0.2835,0.1124,0.0771,0.0644,0.0311,0.3104,0.0766,0.0445
2021-04-19,0.2827,0.1123,0.0771,0.0648,0.0314,0.3127,0.0775,0.0415
2021-04-20,0.2821,0.1124,0.077,0.0647,0.0313,0.3095,0.0825,0.0405
2021-04-21,0.2813,0.111,0.0768,0.0644,0.0312,0.3104,0.0855,0.0394
2021-04-22,0.2785,0.1108,0.0766,0.0646,0.0312,0.3122,0.0861,0.04
2021-04-23,0.2784,0.1106,0.0767,0.0641,0.032,0.3131,0.0876,0.0375
2021-04-24,0.2773,0.1101,0.0769,0.0641,0.0321,0.3042,0.0898,0.0455
2021-04-25,0.2768,0.1098,0.0769,0.0641,0.0324,0.3046,0.0907,0.0447
2021-04-26,0.2673,0.1048,0.0486,0.0633,0.0335,0.3057,0.0896,0.0872
2021-04-27,0.2669,0.1078,0.0462,0.0625,0.0341,0.3059,0.0922,0.0844
2021-04-28,0.2664,0.1077,0.0464,0.0621,0.0355,0.3072,0.0951,0.0796
2021-04-29,0.2661,0.1075,0.0465,0.0621,0.0376,0.3043,0.0961,0.0798
2021-04-30,0.2658,0.1073,0.0467,0.0619,0.0392,0.3038,0.0962,0.0791
2021-05-01,0.2656,0.1072,0.0467,0.0619,0.0393,0.3039,0.1053,0.0701
2021-05-02,0.2649,0.1073,0.0467,0.0627,0.0559,0.2862,0.1067,0.0696
2021-05-03,0.2516,0.107,0.0471,0.0585,0.0644,0.2822,0.144,0.0452
2021-05-04,0.249,0.1059,0.0466,0.0533,0.0615,0.2748,0.1331,0.0758
2021-05-05,0.2432,0.1057,0.0465,0.0498,0.0609,0.2729,0.1319,0.0891
2021-05-06,0.2247,0.1057,0.0463,0.0489,0.0618,0.2716,0.1341,0.1069
2021-05-07,0.2237,0.1057,0.0465,0.0483,0.0653,0.2739,0.1284,0.1082
2021-05-08,0.2174,0.1058,0.0466,0.0481,0.081,0.2597,0.1255,0.1159
2021-05-09,0.213,0.1057,0.0468,0.0479,0.0832,0.2567,0.1256,0.1211
2021-05-10,0.212,0.1052,0.0472,0.0477,0.0831,0.2605,0.1394,0.1049
2021-05-11,0.2114,0.1052,0.0471,0.0475,0.0847,0.2611,0.16,0.083
2021-05-12,0.2113,0.1051,0.0473,0.0476,0.0854,0.2646,0.1746,0.0641
2021-05-13,0.2084,0.1052,0.0472,0.0478,0.0857,0.2665,0.194,0.0452
2021-05-14,0.2071,0.1052,0.0479,0.0467,0.0864,0.2682,0.1936,0.0449
2021-05-15,0.2065,0.1051,0.0481,0.0464,0.0866,0.2667,0.2003,0.0403
2021-05-16,0.2059,0.1046,0.0486,0.0461,0.0929,0.2617,0.2047,0.0355
2021-05-17,0.2058,0.1047,0.0492,0.0453,0.0994,0.2566,0.2071,0.0319
2021-05-18,0.2056,0.1047,0.0495,0.045,0.1078,0.2533,0.2058,0.0283
2021-05-19,0.2051,0.1047,0.05,0.0447,0.1132,0.2545,0.2029,0.0249
2021-05-20,0.2046,0.105,0.0501,0.0443,0.1174,0.254,0.2035,0.0211
2021-05-21,0.2046,0.1058,0.0497,0.0442,0.1224,0.2507,0.2052,0.0174
2021-05-22,0.2044,0.106,0.0508,0.043,0.1293,0.2529,0.201,0.0126
2021-05-23,0.2042,0.1058,0.0502,0.0424,0.1335,0.2513,0.2004,0.0122
2021-05-24,0.2042,0.1056,0.0505,0.0419,0.1489,0.2784,0.1566,0.0139
2021-05-25,0.2042,0.1055,0.0509,0.0415,0.155,0.2731,0.1546,0.0152
2021-05-26,0.2037,0.1054,0.0529,0.0395,0.1592,0.2711,0.1518,0.0164
2021-05-27,0.2037,0.1053,0.0534,0.0389,0.1629,0.272,0.1477,0.0161
2021-05-28,0.2036,0.1057,0.0531,0.0389,0.1649,0.2722,0.1456,0.016
2021-05-29,0.2032,0.1057,0.0535,0.0385,0.167,0.2716,0.1438,0.0167
2021-05-30,0.2031,0.1155,0.0437,0.0385,0.1689,0.2713,0.1439,0.0151
2021-05-31,0.2031,0.1155,0.0437,0.0384,0.1707,0.2842,0.1311,0.0133
2021-06-01,0.2028,0.1155,0.044,0.0384,0.1732,0.3045,0.1102,0.0114
2021-06-02,0.2022,0.1159,0.044,0.038,0.1764,0.3192,0.0935,0.0108
2021-06-03,0.202,0.1234,0.0364,0.0378,0.1792,0.339,0.0707,0.0115
2021-06-04,0.2018,0.1234,0.0364,0.0372,0.1823,0.34,0.0672,0.0117
2021-06-05,0.2018,0.1234,0.0364,0.0372,0.1834,0.3489,0.0591,0.0098
2021-06-06,0.2017,0.1234,0.0365,0.0372,0.1908,0.3484,0.0527,0.0093
2021-06-07,0.2014,0.1234,0.0365,0.0372,0.1973,0.3453,0.0495,0.0094
2021-06-08,0.2013,0.1234,0.0365,0.0372,0.1997,0.3463,0.0465,0.0091
2021-06-09,0.201,0.1234,0.0365,0.037,0.201,0.3477,0.0438,0.0096
2021-06-10,0.2,0.1234,0.0365,0.0368,0.2029,0.3496,0.0421,0.0087
2021-06-11,0.1997,0.1234,0.0365,0.0367,0.2089,0.3458,0.0386,0.0104
2021-06-12,0.1991,0.1235,0.0363,0.0369,0.2149,0.3436,0.0328,0.0129
2021-06-13,0.199,0.1235,0.0363,0.0371,0.2179,0.3399,0.0304,0.0159
2021-06-14,0.199,0.1233,0.0363,0.0371,0.2329,0.3254,0.0303,0.0157
2021-06-15,0.199,0.1234,0.0362,0.0375,0.2362,0.3221,0.03,0.0156
2021-06-16,0.1989,0.1233,0.0361,0.0375,0.2396,0.3188,0.0304,0.0154
2021-06-17,0.1988,0.1233,0.0363,0.0379,0.2427,0.3149,0.0305,0.0156
2021-06-18,0.1985,0.1236,0.0359,0.0379,0.2472,0.3107,0.0318,0.0144
2021-06-19,0.1985,0.1235,0.0358,0.0379,0.2593,0.2996,0.0324,0.013
2021-06-20,0.1978,0.1235,0.0358,0.0379,0.2615,0.2992,0.0332,0.0111
2021-06-21,0.1975,0.1235,0.0358,0.0378,0.2658,0.2972,0.031,0.0114
2021-06-22,0.197,0.1234,0.0358,0.0376,0.2668,0.2977,0.0297,0.012
2021-06-23,0.1965,0.1234,0.0358,0.0376,0.2699,0.2947,0.0292,0.0129
2021-06-24,0.1963,0.1234,0.0358,0.0378,0.2714,0.2933,0.029,0.013
2021-06-25,0.1962,0.1234,0.0358,0.038,0.2734,0.2912,0.0299,0.0121
2021-06-26,0.1958,0.1235,0.0358,0.0382,0.2735,0.2898,0.0285,0.0149
2021-06-27,0.1953,0.1234,0.0358,0.0387,0.2744,0.2877,0.0292,0.0155
2021-06-28,0.1952,0.1234,0.0363,0.0386,0.2755,0.2861,0.0295,0.0154
2021-06-29,0.1945,0.1234,0.0363,0.0387,0.2767,0.2843,0.0281,0.018
2021-06-30,0.1942,0.1233,0.0364,0.0394,0.2782,0.2788,0.0284,0.0213
2021-07-01,0.194,0.1233,0.0366,0.0397,0.2783,0.278,0.0285,0.0216
2021-07-02,0.1939,0.1233,0.0367,0.0406,0.2779,0.2768,0.0286,0.0222
2021-07-03,0.1938,0.1234,0.0367,0.0405,0.2784,0.2756,0.0315,0.0201
2021-07-04,0.1937,0.1235,0.0365,0.0413,0.2779,0.2743,0.0329,0.0199
2021-07-05,0.1935,0.1233,0.0365,0.041,0.2829,0.2688,0.0327,0.0213
2021-07-06,0.1932,0.1232,0.0362,0.041,0.2858,0.2644,0.0352,0.021
2021-07-07,0.1929,0.1232,0.0359,0.0415,0.2853,0.2628,0.0384,0.02
2021-07-08,0.1924,0.1233,0.0357,0.0418,0.2859,0.2623,0.0385,0.0201
2021-07-09,0.1893,0.1233,0.0357,0.0424,0.2902,0.2581,0.0367,0.0243
2021-07-10,0.1892,0.1234,0.0353,0.0429,0.2935,0.2534,0.0354,0.0269
2021-07-11,0.1889,0.1235,0.0353,0.0431,0.2941,0.2539,0.034,0.0272
2021-07-12,0.1885,0.1235,0.0354,0.0435,0.2962,0.2496,0.036,0.0273
2021-07-13,0.1884,0.1235,0.0355,0.0433,0.299,0.2455,0.0375,0.0273
2021-07-14,0.1877,0.1221,0.0343,0.0433,0.3019,0.2405,0.0391,0.0311
2021-07-15,0.1877,0.1221,0.0344,0.0445,0.3021,0.2386,0.0394,0.0312
2021-07-16,0.1875,0.1221,0.0345,0.0467,0.3006,0.237,0.0431,0.0285
2021-07-17,0.1871,0.1221,0.0343,0.0466,0.3015,0.2338,0.0458,0.0288
2021-07-18,0.187,0.1218,0.0342,0.0469,0.3008,0.2315,0.0466,0.0312
2021-07-19,0.1867,0.1219,0.0341,0.0481,0.3004,0.23,0.0487,0.0301
2021-07-20,0.1866,0.1218,0.0342,0.0481,0.304,0.2245,0.0504,0.0304
2021-07-21,0.1865,0.1218,0.0342,0.0485,0.3088,0.2197,0.0549,0.0256
2021-07-22,0.1864,0.1218,0.0342,0.0487,0.3112,0.2172,0.0553,0.0252
2021-07-23,0.1856,0.1207,0.0342,0.0493,0.3118,0.2156,0.0573,0.0255
2021-07-24,0.1855,0.1207,0.0341,0.0496,0.3196,0.209,0.0584,0.0231
2021-07-25,0.1853,0.1206,0.0341,0.0498,0.3216,0.2064,0.0621,0.0201
2021-07-26,0.1851,0.1207,0.0341,0.0504,0.3622,0.1629,0.0625,0.0221
2021-07-27,0.1846,0.1207,0.0339,0.0503,0.3616,0.1622,0.0616,0.0251
2021-07-28,0.1846,0.1207,0.0341,0.0515,0.3613,0.1624,0.0596,0.0258
2021-07-29,0.1844,0.1206,0.034,0.053,0.3629,0.1594,0.0603,0.0254
2021-07-30,0.1842,0.1205,0.0341,0.0543,0.3606,0.1556,0.0619,0.0288
2021-07-31,0.1827,0.119,0.0332,0.0539,0.3522,0.1418,0.0578,0.0594
2021-08-01,0.1785,0.1149,0.0325,0.0664,0.3294,0.135,0.0543,0.089
2021-08-02,0.1717,0.1139,0.032,0.0715,0.3243,0.1246,0.0523,0.1097
2021-08-03,0.1712,0.1137,0.0318,0.0725,0.3345,0.1135,0.0547,0.1081
2021-08-04,0.1709,0.1137,0.0318,0.0723,0.3409,0.1039,0.0542,0.1123
2021-08-05,0.1705,0.1136,0.0315,0.0727,0.3583,0.0802,0.0548,0.1184
2021-08-06,0.1697,0.113,0.0311,0.0748,0.3497,0.0804,0.0545,0.1268
2021-08-07,0.1681,0.1129,0.0307,0.0895,0.3354,0.0729,0.078,0.1125
2021-08-08,0.1677,0.1095,0.0292,0.0895,0.3374,0.0671,0.0886,0.111
2021-08-09,0.1673,0.1057,0.0286,0.089,0.3379,0.0665,0.1062,0.0988
2021-08-10,0.1671,0.1054,0.0286,0.0902,0.3374,0.0666,0.1108,0.0939
2021-08-11,0.1667,0.1054,0.0285,0.0909,0.3355,0.0705,0.1107,0.0918
2021-08-12,0.1665,0.1054,0.0285,0.0913,0.3355,0.07,0.1173,0.0855
2021-08-13,0.1665,0.1053,0.0284,0.0921,0.3349,0.0709,0.13,0.0719
2021-08-14,0.1662,0.1053,0.0284,0.0923,0.3329,0.0698,0.1444,0.0607
2021-08-15,0.1662,0.1053,0.0284,0.0986,0.326,0.0708,0.1644,0.0403
2021-08-16,0.1661,0.1052,0.0285,0.1033,0.32,0.0711,0.1713,0.0345
2021-08-17,0.1659,0.1051,0.0286,0.1103,0.3132,0.0716,0.1722,0.0331
2021-08-18,0.165,0.1051,0.0286,0.1151,0.3074,0.0718,0.1744,0.0326
2021-08-19,0.1642,0.1051,0.0286,0.118,0.3043,0.0727,0.1769,0.0302
2021-08-20,0.1636,0.1051,0.0287,0.1214,0.2979,0.0748,0.1746,0.0339
2021-08-21,0.1635,0.105,0.0287,0.1236,0.2952,0.0743,0.1777,0.032
2021-08-22,0.1632,0.1051,0.0287,0.1255,0.2932,0.073,0.1775,0.0338
2021-08-23,0.1632,0.1046,0.0286,0.1324,0.2859,0.0739,0.1746,0.0368
2021-08-24,0.1604,0.1005,0.0281,0.1365,0.2729,0.0737,0.1613,0.0666
2021-08-25,0.1592,0.0995,0.028,0.1384,0.2694,0.0736,0.1608,0.0711
2021-08-26,0.1573,0.0993,0.0283,0.1398,0.2637,0.074,0.159,0.0786
2021-08-27,0.1555,0.099,0.0282,0.1404,0.2609,0.0776,0.1587,0.0797
2021-08-28,0.1538,0.0979,0.0276,0.1403,0.2576,0.0872,0.1476,0.088
2021-08-29,0.1514,0.097,0.0272,0.1375,0.2501,0.101,0.1203,0.1155
2021-08-30,0.1508,0.0968,0.0258,0.1359,0.2478,0.1136,0.1092,0.1201
2021-08-31,0.1503,0.0969,0.0257,0.1363,0.2464,0.1172,0.1251,0.1021
2021-09-01,0.1502,0.0969,0.0252,0.1366,0.2452,0.1206,0.1274,0.0979
2021-09-02,0.1502,0.0967,0.0252,0.1375,0.2441,0.125,0.1306,0.0907
2021-09-03,0.1502,0.0968,0.0251,0.139,0.2422,0.134,0.127,0.0857
2021-09-04,0.1497,0.0968,0.025,0.1391,0.2417,0.1445,0.1294,0.0738
2021-09-05,0.1496,0.0968,0.0249,0.1425,0.2379,0.1554,0.1558,0.0371
2021-09-06,0.1493,0.0969,0.0255,0.1454,0.2341,0.1624,0.1591,0.0273
2021-09-07,0.1493,0.0969,0.0257,0.1462,0.2329,0.1641,0.1612,0.0237
2021-09-08,0.1492,0.0968,0.0258,0.1468,0.2324,0.1656,0.1627,0.0207
2021-09-09,0.1491,0.0957,0.0259,0.1474,0.2321,0.1682,0.1624,0.0192
2021-09-10,0.1491,0.0954,0.0254,0.1498,0.2295,0.1691,0.1628,0.0189
2021-09-11,0.149,0.0954,0.0261,0.1521,0.227,0.1738,0.1579,0.0187
2021-09-12,0.1472,0.0955,0.0264,0.1531,0.2259,0.1756,0.1559,0.0204
2021-09-13,0.1439,0.0953,0.0261,0.1641,0.2142,0.1777,0.1544,0.0243
2021-09-14,0.1439,0.0952,0.0265,0.1655,0.2125,0.178,0.1554,0.023
2021-09-15,0.1438,0.09,0.0266,0.1676,0.2097,0.1804,0.1535,0.0284
